"customer_id","product_count"
0,6
1,6
9,6
13,6
17,6
20,6
22,6
24,6
25,6
35,6
48,6
49,6
55,6
67,6
73,6
75,6
78,6
87,6
89,6
92,6
113,6
115,6
123,6
125,6
143,6
146,6
153,6
158,6
164,6
175,6
176,6
178,6
182,6
193,6
194,6
195,6
199,6
202,6
203,6
213,6
217,6
221,6
231,6
232,6
234,6
236,6
238,6
241,6
246,6
247,6
252,6
254,6
255,6
257,6
263,6
269,6
271,6
273,6
274,6
286,6
291,6
295,6
304,6
309,6
310,6
313,6
322,6
326,6
332,6
339,6
340,6
347,6
359,6
361,6
367,6
368,6
375,6
378,6
380,6
387,6
405,6
425,6
433,6
437,6
448,6
450,6
451,6
453,6
454,6
455,6
456,6
460,6
466,6
477,6
486,6
492,6
498,6
500,6
503,6
520,6
521,6
523,6
524,6
528,6
531,6
535,6
538,6
544,6
550,6
564,6
569,6
574,6
577,6
590,6
591,6
606,6
607,6
610,6
615,6
618,6
624,6
626,6
635,6
640,6
641,6
642,6
663,6
675,6
679,6
692,6
697,6
701,6
702,6
709,6
713,6
716,6
736,6
737,6
738,6
749,6
760,6
762,6
771,6
773,6
793,6
796,6
798,6
800,6
803,6
807,6
810,6
819,6
821,6
830,6
832,6
833,6
837,6
839,6
843,6
849,6
850,6
851,6
868,6
873,6
879,6
880,6
891,6
895,6
898,6
902,6
905,6
907,6
916,6
922,6
933,6
938,6
940,6
942,6
944,6
945,6
946,6
948,6
954,6
955,6
961,6
965,6
966,6
967,6
968,6
975,6
977,6
979,6
983,6
988,6
999,6
1000,6
1008,6
1010,6
1012,6
1016,6
1020,6
1029,6
1030,6
1031,6
1041,6
1044,6
1045,6
1048,6
1050,6
1052,6
1055,6
1064,6
1065,6
1071,6
1072,6
1077,6
1079,6
1081,6
1087,6
1092,6
1100,6
1103,6
1109,6
1118,6
1127,6
1131,6
1135,6
1137,6
1139,6
1142,6
1143,6
1146,6
1150,6
1158,6
1160,6
1162,6
1165,6
1168,6
1170,6
1172,6
1173,6
1175,6
1176,6
1177,6
1183,6
1184,6
1204,6
1212,6
1215,6
1225,6
1232,6
1241,6
1245,6
1250,6
1272,6
1277,6
1291,6
1295,6
1307,6
1321,6
1324,6
1328,6
1331,6
1340,6
1343,6
1349,6
1351,6
1357,6
1361,6
1362,6
1371,6
1377,6
1378,6
1379,6
1381,6
1384,6
1386,6
1388,6
1399,6
1402,6
1403,6
1404,6
1406,6
1407,6
1409,6
1411,6
1419,6
1440,6
1446,6
1448,6
1453,6
1456,6
1458,6
1459,6
1461,6
1463,6
1473,6
1490,6
1491,6
1497,6
1501,6
1502,6
1503,6
1506,6
1509,6
1513,6
1515,6
1517,6
1518,6
1519,6
1523,6
1524,6
1542,6
1544,6
1545,6
1553,6
1570,6
1577,6
1581,6
1584,6
1592,6
1600,6
1604,6
1606,6
1612,6
1618,6
1619,6
1626,6
1627,6
1628,6
1630,6
1631,6
1640,6
1646,6
1650,6
1655,6
1663,6
1665,6
1672,6
1676,6
1685,6
1710,6
1715,6
1717,6
1726,6
1729,6
1734,6
1740,6
1743,6
1744,6
1745,6
1755,6
1763,6
1764,6
1772,6
1773,6
1777,6
1802,6
1818,6
1826,6
1829,6
1833,6
1834,6
1839,6
1857,6
1859,6
1867,6
1876,6
1878,6
1880,6
1890,6
1891,6
1907,6
1911,6
1915,6
1916,6
1920,6
1921,6
1927,6
1928,6
1940,6
1945,6
1951,6
1958,6
1964,6
1966,6
1968,6
1970,6
1987,6
1990,6
1991,6
1992,6
1993,6
1994,6
1998,6
2002,6
2004,6
2005,6
2008,6
2021,6
2036,6
2055,6
2061,6
2066,6
2072,6
2075,6
2079,6
2088,6
2098,6
2106,6
2109,6
2114,6
2115,6
2118,6
2125,6
2130,6
2131,6
2134,6
2139,6
2147,6
2150,6
2154,6
2156,6
2157,6
2162,6
2166,6
2173,6
2174,6
2176,6
2181,6
2186,6
2202,6
2217,6
2223,6
2225,6
2227,6
2230,6
2245,6
2246,6
2253,6
2254,6
2256,6
2258,6
2261,6
2262,6
2276,6
2278,6
2281,6
2285,6
2286,6
2292,6
2295,6
2296,6
2304,6
2308,6
2315,6
2320,6
2324,6
2326,6
2337,6
2345,6
2350,6
2371,6
2375,6
2379,6
2387,6
2392,6
2404,6
2406,6
2407,6
2408,6
2410,6
2415,6
2416,6
2426,6
2428,6
2429,6
2431,6
2437,6
2445,6
2447,6
2452,6
2453,6
2456,6
2457,6
2461,6
2471,6
2478,6
2488,6
2493,6
2495,6
2499,6
2516,6
2518,6
2521,6
2525,6
2532,6
2534,6
2535,6
2541,6
2544,6
2546,6
2549,6
2552,6
2557,6
2561,6
2563,6
2564,6
2565,6
2569,6
2570,6
2574,6
2579,6
2587,6
2589,6
2591,6
2607,6
2611,6
2612,6
2613,6
2620,6
2625,6
2631,6
2632,6
2634,6
2639,6
2656,6
2661,6
2666,6
2669,6
2674,6
2677,6
2678,6
2681,6
2683,6
2686,6
2694,6
2698,6
2711,6
2712,6
2715,6
2724,6
2727,6
2730,6
2736,6
2740,6
2747,6
2781,6
2782,6
2793,6
2795,6
2797,6
2798,6
2802,6
2804,6
2807,6
2811,6
2814,6
2815,6
2826,6
2829,6
2831,6
2836,6
2849,6
2853,6
2861,6
2863,6
2868,6
2870,6
2874,6
2875,6
2877,6
2878,6
2882,6
2886,6
2891,6
2894,6
2895,6
2902,6
2909,6
2918,6
2920,6
2926,6
2928,6
2929,6
2930,6
2931,6
2936,6
2937,6
2939,6
2942,6
2945,6
2948,6
2952,6
2958,6
2961,6
2963,6
2964,6
2968,6
2975,6
2980,6
2986,6
2995,6
3005,6
3006,6
3007,6
3009,6
3010,6
3011,6
3025,6
3032,6
3033,6
3037,6
3050,6
3056,6
3066,6
3068,6
3074,6
3075,6
3076,6
3081,6
3083,6
3091,6
3099,6
3102,6
3104,6
3107,6
3112,6
3117,6
3120,6
3129,6
3130,6
3136,6
3138,6
3139,6
3152,6
3153,6
3158,6
3170,6
3174,6
3179,6
3182,6
3194,6
3197,6
3202,6
3220,6
3225,6
3231,6
3233,6
3254,6
3262,6
3265,6
3266,6
3267,6
3270,6
3276,6
3277,6
3281,6
3283,6
3286,6
3298,6
3308,6
3310,6
3312,6
3321,6
3332,6
3334,6
3336,6
3340,6
3363,6
3376,6
3381,6
3386,6
3388,6
3389,6
3403,6
3406,6
3409,6
3412,6
3421,6
3422,6
3426,6
3427,6
3428,6
3433,6
3434,6
3436,6
3439,6
3445,6
3463,6
3469,6
3478,6
3479,6
3483,6
3491,6
3498,6
3503,6
3507,6
3515,6
3517,6
3518,6
3520,6
3523,6
3524,6
3525,6
3526,6
3535,6
3536,6
3537,6
3547,6
3551,6
3559,6
3560,6
3565,6
3570,6
3571,6
3578,6
3584,6
3594,6
3595,6
3598,6
3599,6
3602,6
3619,6
3623,6
3628,6
3629,6
3635,6
3641,6
3643,6
3645,6
3657,6
3661,6
3665,6
3667,6
3673,6
3678,6
3690,6
3696,6
3697,6
3698,6
3706,6
3710,6
3711,6
3712,6
3717,6
3722,6
3725,6
3726,6
3732,6
3745,6
3749,6
3759,6
3762,6
3766,6
3767,6
3769,6
3783,6
3790,6
3798,6
3799,6
3807,6
3828,6
3829,6
3830,6
3834,6
3839,6
3846,6
3850,6
3852,6
3855,6
3856,6
3859,6
3865,6
3867,6
3870,6
3878,6
3885,6
3887,6
3896,6
3900,6
3910,6
3916,6
3919,6
3921,6
3924,6
3933,6
3934,6
3945,6
3955,6
3967,6
3968,6
3969,6
3972,6
3979,6
4001,6
4002,6
4012,6
4023,6
4037,6
4042,6
4047,6
4050,6
4055,6
4058,6
4065,6
4066,6
4070,6
4073,6
4084,6
4086,6
4088,6
4093,6
4094,6
4095,6
4096,6
4098,6
4099,6
4102,6
4107,6
4114,6
4119,6
4120,6
4122,6
4127,6
4128,6
4136,6
4137,6
4138,6
4141,6
4148,6
4149,6
4168,6
4174,6
4179,6
4184,6
4186,6
4188,6
4198,6
4200,6
4201,6
4207,6
4211,6
4216,6
4220,6
4227,6
4240,6
4246,6
4248,6
4252,6
4259,6
4261,6
4268,6
4271,6
4278,6
4279,6
4286,6
4290,6
4297,6
4298,6
4299,6
4301,6
4303,6
4310,6
4320,6
4322,6
4324,6
4328,6
4329,6
4331,6
4333,6
4338,6
4339,6
4345,6
4351,6
4356,6
4368,6
4369,6
4370,6
4376,6
4377,6
4381,6
4385,6
4390,6
4391,6
4394,6
4399,6
4405,6
4406,6
4415,6
4418,6
4426,6
4427,6
4432,6
4436,6
4437,6
4440,6
4442,6
4444,6
4452,6
4459,6
4470,6
4472,6
4475,6
4477,6
4478,6
4480,6
4483,6
4487,6
4491,6
4500,6
4501,6
4507,6
4508,6
4518,6
4530,6
4541,6
4543,6
4547,6
4548,6
4550,6
4552,6
4554,6
4557,6
4580,6
4587,6
4597,6
4599,6
4603,6
4607,6
4608,6
4609,6
4611,6
4619,6
4637,6
4640,6
4643,6
4646,6
4653,6
4654,6
4656,6
4669,6
4673,6
4676,6
4679,6
4682,6
4686,6
4687,6
4690,6
4692,6
4697,6
4698,6
4702,6
4706,6
4712,6
4713,6
4725,6
4741,6
4743,6
4749,6
4754,6
4756,6
4764,6
4767,6
4769,6
4785,6
4786,6
4789,6
4790,6
4791,6
4796,6
4808,6
4817,6
4827,6
4828,6
4832,6
4837,6
4838,6
4843,6
4855,6
4856,6
4860,6
4864,6
4865,6
4867,6
4877,6
4887,6
4910,6
4915,6
4927,6
4931,6
4937,6
4939,6
4943,6
4944,6
4945,6
4947,6
4954,6
4961,6
4964,6
4967,6
4971,6
4973,6
4974,6
4988,6
4990,6
4992,6
4994,6
4998,6
5010,6
5011,6
5012,6
5015,6
5025,6
5029,6
5031,6
5036,6
5043,6
5046,6
5048,6
5049,6
5057,6
5062,6
5063,6
5067,6
5068,6
5074,6
5077,6
5079,6
5080,6
5081,6
5084,6
5092,6
5093,6
5107,6
5113,6
5114,6
5117,6
5120,6
5121,6
5123,6
5125,6
5136,6
5138,6
5140,6
5147,6
5150,6
5153,6
5154,6
5156,6
5172,6
5176,6
5177,6
5180,6
5181,6
5184,6
5185,6
5186,6
5204,6
5207,6
5209,6
5221,6
5223,6
5229,6
5231,6
5232,6
5234,6
5236,6
5237,6
5247,6
5250,6
5252,6
5253,6
5255,6
5263,6
5267,6
5268,6
5272,6
5278,6
5283,6
5286,6
5287,6
5289,6
5290,6
5294,6
5299,6
5300,6
5302,6
5303,6
5304,6
5313,6
5314,6
5316,6
5320,6
5324,6
5329,6
5331,6
5332,6
5336,6
5341,6
5342,6
5346,6
5350,6
5370,6
5371,6
5376,6
5386,6
5389,6
5393,6
5394,6
5396,6
5407,6
5423,6
5424,6
5429,6
5430,6
5441,6
5453,6
5454,6
5455,6
5462,6
5474,6
5491,6
5493,6
5510,6
5512,6
5513,6
5517,6
5519,6
5524,6
5527,6
5529,6
5534,6
5536,6
5538,6
5543,6
5544,6
5545,6
5547,6
5552,6
5555,6
5558,6
5562,6
5564,6
5577,6
5585,6
5589,6
5596,6
5602,6
5610,6
5621,6
5623,6
5626,6
5628,6
5631,6
5633,6
5636,6
5642,6
5644,6
5654,6
5667,6
5675,6
5680,6
5682,6
5684,6
5687,6
5692,6
5710,6
5718,6
5721,6
5723,6
5726,6
5731,6
5734,6
5735,6
5740,6
5748,6
5751,6
5756,6
5758,6
5763,6
5782,6
5788,6
5790,6
5794,6
5796,6
5798,6
5802,6
5823,6
5824,6
5827,6
5830,6
5831,6
5832,6
5835,6
5837,6
5841,6
5846,6
5847,6
5848,6
5863,6
5866,6
5868,6
5871,6
5872,6
5883,6
5885,6
5892,6
5896,6
5899,6
5907,6
5909,6
5922,6
5929,6
5935,6
5939,6
5948,6
5954,6
5955,6
5956,6
5959,6
5961,6
5966,6
5967,6
5975,6
5985,6
5987,6
5989,6
5991,6
5995,6
6001,6
6019,6
6024,6
6036,6
6049,6
6050,6
6055,6
6059,6
6071,6
6072,6
6086,6
6097,6
6103,6
6116,6
6119,6
6131,6
6141,6
6142,6
6147,6
6168,6
6173,6
6177,6
6181,6
6182,6
6183,6
6184,6
6197,6
6200,6
6201,6
6202,6
6203,6
6205,6
6211,6
6214,6
6215,6
6218,6
6222,6
6230,6
6233,6
6237,6
6245,6
6246,6
6248,6
6250,6
6255,6
6257,6
6260,6
6261,6
6262,6
6263,6
6271,6
6274,6
6281,6
6283,6
6287,6
6289,6
6292,6
6295,6
6299,6
6303,6
6310,6
6312,6
6318,6
6320,6
6327,6
6336,6
6340,6
6343,6
6347,6
6349,6
6354,6
6355,6
6357,6
6365,6
6374,6
6376,6
6379,6
6382,6
6383,6
6384,6
6387,6
6398,6
6404,6
6406,6
6409,6
6417,6
6421,6
6422,6
6424,6
6428,6
6431,6
6437,6
6439,6
6445,6
6457,6
6460,6
6461,6
6466,6
6471,6
6488,6
6497,6
6504,6
6507,6
6515,6
6516,6
6518,6
6521,6
6528,6
6534,6
6543,6
6544,6
6565,6
6566,6
6568,6
6575,6
6583,6
6605,6
6606,6
6609,6
6613,6
6616,6
6619,6
6634,6
6637,6
6642,6
6646,6
6652,6
6653,6
6658,6
6661,6
6663,6
6673,6
6678,6
6679,6
6682,6
6690,6
6694,6
6710,6
6715,6
6720,6
6721,6
6722,6
6728,6
6729,6
6730,6
6742,6
6749,6
6768,6
6770,6
6798,6
6810,6
6815,6
6818,6
6825,6
6853,6
6856,6
6859,6
6862,6
6864,6
6866,6
6870,6
6872,6
6875,6
6878,6
6885,6
6887,6
6892,6
6905,6
6906,6
6912,6
6918,6
6919,6
6927,6
6931,6
6932,6
6935,6
6940,6
6941,6
6945,6
6950,6
6958,6
6961,6
6963,6
6969,6
6974,6
6977,6
6982,6
6983,6
6988,6
6991,6
6999,6
7000,6
7002,6
7004,6
7005,6
7007,6
7010,6
7011,6
7019,6
7022,6
7023,6
7030,6
7034,6
7037,6
7042,6
7053,6
7055,6
7059,6
7072,6
7079,6
7093,6
7094,6
7101,6
7106,6
7108,6
7118,6
7119,6
7124,6
7128,6
7129,6
7141,6
7143,6
7152,6
7165,6
7181,6
7186,6
7187,6
7192,6
7196,6
7212,6
7214,6
7215,6
7224,6
7230,6
7232,6
7233,6
7235,6
7244,6
7247,6
7250,6
7254,6
7261,6
7264,6
7270,6
7274,6
7275,6
7279,6
7281,6
7284,6
7286,6
7290,6
7297,6
7300,6
7301,6
7313,6
7321,6
7325,6
7326,6
7327,6
7342,6
7348,6
7349,6
7352,6
7366,6
7369,6
7373,6
7375,6
7378,6
7381,6
7384,6
7386,6
7393,6
7396,6
7397,6
7408,6
7409,6
7411,6
7414,6
7419,6
7422,6
7426,6
7428,6
7431,6
7433,6
7437,6
7441,6
7444,6
7446,6
7451,6
7453,6
7458,6
7462,6
7476,6
7485,6
7488,6
7494,6
7495,6
7500,6
7503,6
7505,6
7514,6
7516,6
7521,6
7527,6
7530,6
7532,6
7533,6
7540,6
7573,6
7574,6
7592,6
7600,6
7610,6
7613,6
7617,6
7620,6
7627,6
7628,6
7629,6
7631,6
7646,6
7660,6
7679,6
7683,6
7685,6
7698,6
7699,6
7706,6
7712,6
7718,6
7723,6
7725,6
7732,6
7734,6
7736,6
7755,6
7761,6
7786,6
7787,6
7788,6
7789,6
7791,6
7793,6
7798,6
7801,6
7807,6
7822,6
7828,6
7829,6
7832,6
7842,6
7848,6
7849,6
7851,6
7861,6
7872,6
7873,6
7875,6
7881,6
7892,6
7899,6
7901,6
7912,6
7919,6
7922,6
7930,6
7937,6
7938,6
7943,6
7947,6
7959,6
7960,6
7962,6
7966,6
7972,6
7987,6
7990,6
7998,6
7999,6
8008,6
8015,6
8017,6
8026,6
8029,6
8036,6
8041,6
8070,6
8079,6
8080,6
8082,6
8086,6
8091,6
8093,6
8104,6
8132,6
8135,6
8140,6
8143,6
8146,6
8147,6
8148,6
8151,6
8159,6
8162,6
8164,6
8175,6
8180,6
8181,6
8182,6
8204,6
8207,6
8210,6
8212,6
8213,6
8216,6
8230,6
8233,6
8234,6
8235,6
8254,6
8268,6
8275,6
8278,6
8286,6
8299,6
8310,6
8312,6
8314,6
8315,6
8318,6
8334,6
8341,6
8346,6
8360,6
8362,6
8369,6
8370,6
8372,6
8373,6
8375,6
8387,6
8395,6
8397,6
8402,6
8405,6
8414,6
8416,6
8418,6
8420,6
8427,6
8430,6
8432,6
8439,6
8442,6
8443,6
8461,6
8462,6
8475,6
8477,6
8486,6
8492,6
8504,6
8514,6
8523,6
8524,6
8527,6
8534,6
8537,6
8541,6
8545,6
8553,6
8557,6
8560,6
8562,6
8566,6
8581,6
8584,6
8588,6
8594,6
8595,6
8601,6
8602,6
8605,6
8614,6
8619,6
8624,6
8625,6
8629,6
8643,6
8650,6
8652,6
8659,6
8663,6
8685,6
8686,6
8687,6
8690,6
8692,6
8700,6
8702,6
8707,6
8717,6
8720,6
8722,6
8724,6
8726,6
8727,6
8732,6
8737,6
8746,6
8749,6
8754,6
8755,6
8773,6
8775,6
8779,6
8780,6
8783,6
8786,6
8789,6
8799,6
8800,6
8805,6
8812,6
8825,6
8832,6
8842,6
8852,6
8858,6
8867,6
8870,6
8876,6
8890,6
8895,6
8897,6
8908,6
8910,6
8911,6
8916,6
8920,6
8923,6
8925,6
8931,6
8932,6
8933,6
8939,6
8945,6
8952,6
8953,6
8955,6
8957,6
8962,6
8969,6
8970,6
8975,6
8977,6
8985,6
8996,6
9010,6
9014,6
9029,6
9058,6
9064,6
9076,6
9080,6
9081,6
9094,6
9097,6
9119,6
9120,6
9121,6
9135,6
9140,6
9145,6
9150,6
9153,6
9166,6
9167,6
9185,6
9197,6
9204,6
9206,6
9209,6
9212,6
9213,6
9214,6
9215,6
9216,6
9220,6
9224,6
9235,6
9239,6
9240,6
9242,6
9246,6
9256,6
9260,6
9262,6
9264,6
9265,6
9274,6
9283,6
9284,6
9286,6
9289,6
9291,6
9292,6
9298,6
9303,6
9305,6
9308,6
9316,6
9323,6
9336,6
9347,6
9349,6
9353,6
9360,6
9362,6
9365,6
9369,6
9370,6
9381,6
9384,6
9386,6
9392,6
9396,6
9400,6
9405,6
9422,6
9423,6
9426,6
9432,6
9449,6
9451,6
9460,6
9463,6
9467,6
9477,6
9478,6
9481,6
9483,6
9485,6
9491,6
9493,6
9495,6
9499,6
9500,6
9503,6
9504,6
9507,6
9516,6
9523,6
9529,6
9530,6
9543,6
9553,6
9559,6
9560,6
9576,6
9579,6
9589,6
9592,6
9595,6
9596,6
9597,6
9606,6
9612,6
9617,6
9624,6
9635,6
9645,6
9648,6
9653,6
9665,6
9668,6
9671,6
9672,6
9687,6
9697,6
9699,6
9701,6
9703,6
9706,6
9707,6
9710,6
9723,6
9725,6
9727,6
9729,6
9733,6
9736,6
9738,6
9739,6
9743,6
9750,6
9757,6
9760,6
9771,6
9780,6
9790,6
9797,6
9799,6
9805,6
9817,6
9826,6
9829,6
9847,6
9850,6
9855,6
9860,6
9862,6
9888,6
9904,6
9905,6
9907,6
9909,6
9916,6
9923,6
9925,6
9930,6
9931,6
9937,6
9938,6
9940,6
9949,6
9952,6
9955,6
9958,6
9960,6
9964,6
9967,6
9970,6
9971,6
9972,6
9973,6
9974,6
9977,6
9984,6
9986,6
9988,6
9999,6
10001,6
10010,6
10022,6
10031,6
10032,6
10033,6
10037,6
10057,6
10061,6
10065,6
10067,6
10069,6
10084,6
10089,6
10091,6
10092,6
10095,6
10099,6
10102,6
10104,6
10120,6
10127,6
10128,6
10129,6
10133,6
10140,6
10141,6
10142,6
10144,6
10146,6
10150,6
10151,6
10156,6
10157,6
10159,6
10160,6
10163,6
10164,6
10172,6
10175,6
10176,6
10177,6
10196,6
10203,6
10207,6
10212,6
10219,6
10232,6
10236,6
10240,6
10241,6
10242,6
10245,6
10250,6
10258,6
10260,6
10262,6
10264,6
10270,6
10277,6
10281,6
10286,6
10299,6
10304,6
10307,6
10311,6
10313,6
10314,6
10319,6
10323,6
10339,6
10340,6
10341,6
10343,6
10350,6
10352,6
10356,6
10364,6
10377,6
10379,6
10380,6
10381,6
10383,6
10390,6
10394,6
10395,6
10398,6
10401,6
10402,6
10403,6
10413,6
10420,6
10424,6
10430,6
10432,6
10446,6
10448,6
10451,6
10466,6
10469,6
10470,6
10473,6
10475,6
10476,6
10477,6
10478,6
10479,6
10486,6
10489,6
10490,6
10492,6
10500,6
10505,6
10507,6
10509,6
10513,6
10521,6
10524,6
10525,6
10530,6
10536,6
10542,6
10548,6
10552,6
10556,6
10560,6
10562,6
10573,6
10581,6
10582,6
10584,6
10590,6
10591,6
10595,6
10598,6
10602,6
10609,6
10613,6
10617,6
10619,6
10623,6
10629,6
10634,6
10637,6
10640,6
10641,6
10642,6
10643,6
10648,6
10652,6
10659,6
10660,6
10664,6
10669,6
10673,6
10675,6
10676,6
10678,6
10680,6
10681,6
10686,6
10691,6
10699,6
10701,6
10702,6
10703,6
10704,6
10708,6
10710,6
10711,6
10722,6
10727,6
10735,6
10736,6
10738,6
10741,6
10742,6
10749,6
10755,6
10757,6
10766,6
10767,6
10770,6
10779,6
10785,6
10789,6
10790,6
10795,6
10796,6
10812,6
10814,6
10821,6
10826,6
10827,6
10832,6
10833,6
10837,6
10839,6
10841,6
10846,6
10854,6
10855,6
10856,6
10858,6
10862,6
10868,6
10870,6
10872,6
10882,6
10888,6
10897,6
10905,6
10906,6
10909,6
10913,6
10914,6
10925,6
10928,6
10936,6
10949,6
10951,6
10955,6
10965,6
10967,6
10968,6
10971,6
10972,6
10981,6
10983,6
10991,6
10992,6
10995,6
11003,6
11004,6
11007,6
11010,6
11013,6
11025,6
11030,6
11031,6
11039,6
11051,6
11056,6
11071,6
11074,6
11075,6
11084,6
11086,6
11088,6
11091,6
11092,6
11096,6
11100,6
11101,6
11110,6
11112,6
11114,6
11121,6
11133,6
11148,6
11166,6
11171,6
11176,6
11178,6
11181,6
11187,6
11188,6
11191,6
