"customer_id","recency","frequency","monetary"
0,66,6,1198
1,0,6,577
9,86,6,120
13,57,6,32
17,81,6,1028
20,91,6,183
22,99,6,309
24,96,6,47
25,9,6,1115
35,35,6,210
48,97,6,184
49,39,6,25
55,83,6,597
67,6,6,92
73,81,6,18
75,32,6,467
78,51,6,37
87,16,6,57
89,49,6,69
92,12,6,89
113,33,6,28
115,0,6,393
123,92,6,993
125,65,6,271
143,73,6,957
146,78,6,1323
153,29,6,46
158,3,6,1196
164,59,6,269
175,93,6,1443
176,73,6,331
178,40,6,973
182,62,6,397
193,81,6,16
194,55,6,41
195,21,6,246
199,33,6,315
202,54,6,1234
203,47,6,2089
213,98,6,48
217,78,6,1540
221,90,6,242
231,86,6,32
232,8,6,530
234,60,6,31
236,62,6,170
238,76,6,1082
241,57,6,1574
246,71,6,312
247,16,6,357
252,11,6,601
254,4,6,473
255,31,6,21
257,74,6,1215
263,9,6,145
269,71,6,1143
271,30,6,258
273,48,6,151
274,75,6,34
286,48,6,152
291,13,6,981
295,77,6,1157
304,67,6,76
309,48,6,1101
310,81,6,573
313,98,6,2088
322,93,6,41
326,38,6,315
332,56,6,275
339,82,6,496
340,1,6,497
347,30,6,377
359,33,6,504
361,84,6,20
367,74,6,577
368,61,6,290
375,79,6,1156
378,68,6,794
380,17,6,1804
387,59,6,61
405,68,6,441
425,66,6,727
433,42,6,632
437,41,6,1027
448,57,6,795
450,90,6,270
451,91,6,22
453,1,6,45
454,48,6,1135
455,86,6,209
456,96,6,36
460,72,6,1753
466,9,6,746
477,31,6,2157
486,27,6,1198
492,3,6,424
498,28,6,57
500,79,6,1941
503,88,6,53
520,81,6,30
521,42,6,581
523,51,6,74
524,47,6,96
528,99,6,1383
531,55,6,1662
535,18,6,778
538,78,6,125
544,51,6,976
550,87,6,708
564,81,6,906
569,32,6,1991
574,96,6,125
577,10,6,22
590,35,6,1812
591,76,6,677
606,87,6,15
607,31,6,521
610,60,6,480
615,29,6,343
618,17,6,797
624,5,6,35
626,28,6,43
635,51,6,610
640,61,6,1026
641,77,6,119
642,69,6,103
663,46,6,71
675,67,6,332
679,49,6,38
692,88,6,16
697,78,6,2047
701,58,6,1179
702,80,6,521
709,27,6,1103
713,72,6,442
716,63,6,976
736,67,6,52
737,56,6,2231
738,35,6,182
749,31,6,145
760,8,6,811
762,27,6,823
771,79,6,194
773,64,6,595
793,24,6,45
796,17,6,1071
798,71,6,27
800,57,6,32
803,82,6,21
807,35,6,292
810,49,6,641
819,84,6,1103
821,46,6,2077
830,5,6,1658
832,90,6,747
833,62,6,72
837,0,6,174
839,54,6,170
843,47,6,805
849,65,6,660
850,4,6,757
851,48,6,642
868,99,6,65
873,3,6,1178
879,66,6,458
880,47,6,96
891,60,6,11
895,69,6,594
898,39,6,147
902,74,6,312
905,38,6,84
907,36,6,362
916,67,6,31
922,79,6,48
933,31,6,25
938,30,6,87
940,9,6,311
942,36,6,299
944,6,6,393
945,53,6,133
946,92,6,210
948,32,6,41
954,77,6,102
955,81,6,240
961,92,6,860
965,34,6,590
966,98,6,691
967,11,6,515
968,24,6,187
975,25,6,264
977,10,6,414
979,11,6,112
983,82,6,414
988,84,6,1193
999,95,6,730
1000,48,6,964
1008,31,6,1021
1010,94,6,78
1012,26,6,884
1016,43,6,55
1020,70,6,1366
1029,27,6,279
1030,72,6,38
1031,5,6,1062
1041,3,6,424
1044,44,6,596
1045,55,6,279
1048,11,6,178
1050,58,6,65
1052,24,6,1001
1055,40,6,45
1064,18,6,42
1065,85,6,1918
1071,10,6,1034
1072,64,6,93
1077,52,6,1020
1079,59,6,1086
1081,26,6,1019
1087,30,6,173
1092,17,6,1147
1100,33,6,61
1103,60,6,2053
1109,38,6,12
1118,87,6,685
1127,62,6,1958
1131,54,6,95
1135,96,6,47
1137,87,6,1379
1139,56,6,1512
1142,91,6,428
1143,43,6,55
1146,5,6,874
1150,36,6,1853
1158,27,6,144
1160,48,6,49
1162,23,6,653
1165,62,6,496
1168,62,6,1401
1170,45,6,244
1172,71,6,2034
1173,73,6,2252
1175,24,6,426
1176,50,6,25
1177,77,6,129
1183,11,6,22
1184,46,6,845
1204,45,6,1829
1212,7,6,936
1215,49,6,1572
1225,47,6,1495
1232,54,6,1244
1241,1,6,51
1245,45,6,1371
1250,82,6,84
1272,49,6,903
1277,29,6,1004
1291,90,6,351
1295,96,6,725
1307,15,6,63
1321,49,6,56
1324,93,6,91
1328,56,6,683
1331,54,6,72
1340,42,6,1795
1343,55,6,586
1349,4,6,148
1351,25,6,1220
1357,90,6,1562
1361,26,6,1435
1362,75,6,449
1371,72,6,984
1377,24,6,285
1378,24,6,694
1379,12,6,241
1381,20,6,324
1384,10,6,62
1386,0,6,11
1388,11,6,112
1399,52,6,1515
1402,1,6,1253
1403,40,6,38
1404,89,6,231
1406,49,6,415
1407,5,6,57
1409,69,6,444
1411,58,6,940
1419,11,6,76
1440,84,6,1149
1446,12,6,1226
1448,33,6,51
1453,59,6,1060
1456,25,6,1180
1458,40,6,44
1459,16,6,928
1461,74,6,38
1463,9,6,21
1473,0,6,72
1490,84,6,854
1491,87,6,559
1497,8,6,407
1501,21,6,1717
1502,67,6,52
1503,31,6,107
1506,26,6,140
1509,80,6,523
1513,72,6,1250
1515,9,6,28
1517,92,6,51
1518,29,6,749
1519,2,6,73
1523,25,6,96
1524,1,6,1104
1542,26,6,396
1544,51,6,1893
1545,95,6,443
1553,71,6,2283
1570,8,6,1039
1577,14,6,1736
1581,18,6,17
1584,79,6,482
1592,25,6,1724
1600,60,6,411
1604,93,6,225
1606,65,6,22
1612,82,6,47
1618,9,6,692
1619,2,6,1588
1626,37,6,49
1627,84,6,789
1628,54,6,960
1630,56,6,424
1631,3,6,1282
1640,49,6,108
1646,36,6,46
1650,13,6,1643
1655,81,6,48
1663,97,6,49
1665,71,6,1750
1672,74,6,461
1676,30,6,266
1685,21,6,1482
1710,51,6,279
1715,45,6,48
1717,43,6,273
1726,23,6,81
1729,14,6,1377
1734,37,6,81
1740,22,6,999
1743,99,6,801
1744,67,6,54
1745,88,6,1313
1755,93,6,114
1763,62,6,2524
1764,92,6,270
1772,2,6,2043
1773,38,6,57
1777,29,6,74
1802,23,6,680
1818,23,6,38
1826,0,6,1190
1829,55,6,1232
1833,91,6,133
1834,77,6,67
1839,25,6,141
1857,2,6,83
1859,34,6,1890
1867,42,6,1336
1876,15,6,85
1878,83,6,37
1880,17,6,93
1890,95,6,25
1891,12,6,1754
1907,53,6,1477
1911,6,6,1364
1915,57,6,1507
1916,92,6,437
1920,59,6,102
1921,74,6,71
1927,41,6,690
1928,73,6,83
1940,26,6,18
1945,4,6,1400
1951,92,6,839
1958,85,6,660
1964,66,6,1603
1966,96,6,1672
1968,37,6,28
1970,14,6,103
1987,34,6,59
1990,74,6,1797
1991,0,6,96
1992,2,6,893
1993,63,6,972
1994,11,6,19
1998,82,6,84
2002,81,6,1870
2004,65,6,1168
2005,86,6,75
2008,93,6,1149
2021,47,6,1388
2036,29,6,401
2055,37,6,49
2061,61,6,99
2066,56,6,114
2072,34,6,1064
2075,56,6,1047
2079,0,6,1208
2088,98,6,1631
2098,38,6,17
2106,99,6,34
2109,60,6,1544
2114,23,6,1315
2115,68,6,66
2118,68,6,622
2125,82,6,1102
2130,4,6,147
2131,37,6,1307
2134,94,6,694
2139,19,6,31
2147,91,6,2279
2150,83,6,1482
2154,33,6,44
2156,38,6,41
2157,49,6,77
2162,19,6,561
2166,55,6,23
2173,23,6,32
2174,38,6,27
2176,40,6,1690
2181,45,6,1280
2186,30,6,2257
2202,98,6,69
2217,46,6,23
2223,52,6,1826
2225,54,6,1617
2227,92,6,210
2230,84,6,43
2245,50,6,139
2246,91,6,183
2253,15,6,85
2254,95,6,1455
2256,33,6,21
2258,76,6,42
2261,5,6,16
2262,74,6,311
2276,71,6,868
2278,86,6,133
2281,34,6,28
2285,0,6,335
2286,27,6,114
2292,94,6,24
2295,57,6,825
2296,4,6,30
2304,86,6,770
2308,40,6,330
2315,55,6,96
2320,98,6,635
2324,12,6,1065
2326,15,6,85
2337,77,6,39
2345,54,6,1244
2350,87,6,1027
2371,22,6,81
2375,75,6,22
2379,31,6,1635
2387,9,6,275
2392,59,6,102
2404,4,6,257
2406,63,6,519
2407,10,6,1555
2408,20,6,733
2410,69,6,1097
2415,99,6,953
2416,83,6,1288
2426,35,6,895
2428,23,6,78
2429,4,6,1338
2431,70,6,67
2437,69,6,1611
2445,87,6,63
2447,71,6,69
2452,8,6,318
2453,83,6,819
2456,84,6,149
2457,23,6,45
2461,79,6,43
2471,39,6,299
2478,48,6,38
2488,80,6,64
2493,34,6,608
2495,24,6,816
2499,38,6,563
2516,84,6,78
2518,16,6,30
2521,10,6,59
2525,65,6,534
2532,95,6,1651
2534,4,6,188
2535,24,6,844
2541,7,6,48
2544,68,6,92
2546,7,6,70
2549,80,6,27
2552,11,6,446
2557,52,6,29
2561,45,6,1371
2563,80,6,43
2564,87,6,165
2565,69,6,1334
2569,38,6,46
2570,35,6,815
2574,27,6,1230
2579,95,6,835
2587,21,6,20
2589,65,6,59
2591,49,6,932
2607,78,6,630
2611,66,6,1910
2612,33,6,1682
2613,16,6,237
2620,48,6,23
2625,30,6,350
2631,29,6,1149
2632,10,6,500
2634,10,6,69
2639,45,6,68
2656,63,6,59
2661,95,6,44
2666,21,6,907
2669,66,6,1127
2674,79,6,1143
2677,11,6,241
2678,62,6,209
2681,1,6,461
2683,56,6,910
2686,49,6,26
2694,44,6,24
2698,52,6,415
2711,6,6,31
2712,85,6,715
2715,11,6,180
2724,33,6,19
2727,19,6,409
2730,64,6,1231
2736,88,6,849
2740,81,6,90
2747,90,6,2126
2781,55,6,1792
2782,23,6,404
2793,10,6,1034
2795,0,6,13
2797,34,6,1073
2798,54,6,1240
2802,61,6,961
2804,86,6,120
2807,24,6,1001
2811,21,6,62
2814,6,6,31
2815,46,6,120
2826,28,6,37
2829,25,6,731
2831,99,6,1179
2836,61,6,19
2849,25,6,1180
2853,74,6,275
2861,79,6,23
2863,67,6,1052
2868,33,6,57
2870,6,6,502
2874,20,6,32
2875,93,6,906
2877,21,6,541
2878,93,6,414
2882,31,6,995
2886,70,6,1217
2891,51,6,928
2894,74,6,2013
2895,79,6,195
2902,87,6,45
2909,89,6,1264
2918,72,6,91
2920,63,6,990
2926,62,6,1374
2928,63,6,990
2929,27,6,137
2930,7,6,1281
2931,95,6,1192
2936,46,6,23
2937,47,6,871
2939,96,6,1631
2942,20,6,486
2945,25,6,46
2948,76,6,185
2952,80,6,76
2958,53,6,57
2961,86,6,382
2963,56,6,1440
2964,0,6,72
2968,53,6,902
2975,89,6,1956
2980,52,6,35
2986,89,6,20
2995,64,6,1084
3005,7,6,1650
3006,83,6,43
3007,49,6,40
3009,8,6,1766
3010,87,6,2069
3011,23,6,227
3025,4,6,306
3032,97,6,193
3033,56,6,318
3037,32,6,410
3050,13,6,235
3056,63,6,1150
3066,2,6,231
3068,1,6,43
3074,66,6,1828
3075,47,6,382
3076,18,6,612
3081,65,6,20
3083,88,6,373
3091,27,6,823
3099,48,6,310
3102,32,6,32
3104,89,6,2006
3107,31,6,350
3112,2,6,24
3117,95,6,450
3120,49,6,22
3129,30,6,45
3130,95,6,44
3136,88,6,663
3138,84,6,1676
3139,53,6,2052
3152,84,6,89
3153,24,6,17
3158,1,6,39
3170,86,6,1042
3174,61,6,1957
3179,75,6,1572
3182,81,6,263
3194,86,6,1230
3197,38,6,670
3202,60,6,1250
3220,30,6,156
3225,71,6,265
3231,97,6,30
3233,89,6,1117
3254,65,6,960
3262,31,6,1655
3265,36,6,46
3266,96,6,125
3267,27,6,608
3270,96,6,128
3276,53,6,78
3277,9,6,365
3281,69,6,411
3283,57,6,909
3286,71,6,42
3298,92,6,1152
3308,54,6,94
3310,94,6,211
3312,12,6,89
3321,42,6,542
3332,87,6,165
3334,35,6,2211
3336,96,6,948
3340,56,6,436
3363,99,6,34
3376,9,6,235
3381,51,6,90
3386,71,6,137
3388,16,6,294
3389,61,6,1533
3403,11,6,2092
3406,97,6,322
3409,68,6,339
3412,67,6,957
3421,64,6,908
3422,67,6,1376
3426,89,6,1596
3427,11,6,734
3428,56,6,1598
3433,54,6,981
3434,60,6,1336
3436,24,6,20
3439,64,6,296
3445,56,6,957
3463,41,6,904
3469,94,6,103
3478,17,6,736
3479,49,6,50
3483,76,6,1526
3491,32,6,1260
3498,6,6,877
3503,78,6,974
3507,44,6,1575
3515,94,6,160
3517,32,6,161
3518,45,6,50
3520,94,6,1092
3523,83,6,1073
3524,9,6,167
3525,19,6,17
3526,58,6,38
3535,68,6,967
3536,65,6,55
3537,57,6,79
3547,12,6,64
3551,28,6,198
3559,77,6,57
3560,57,6,1574
3565,62,6,72
3570,64,6,244
3571,48,6,1101
3578,29,6,236
3584,35,6,1396
3594,74,6,747
3595,29,6,1138
3598,53,6,606
3599,61,6,1464
3602,42,6,195
3619,19,6,1152
3623,55,6,45
3628,93,6,80
3629,17,6,145
3635,69,6,578
3641,93,6,36
3643,65,6,928
3645,19,6,70
3657,1,6,165
3661,42,6,1435
3665,46,6,54
3667,20,6,1757
3673,59,6,779
3678,13,6,656
3690,20,6,2091
3696,67,6,52
3697,20,6,134
3698,13,6,2130
3706,54,6,94
3710,41,6,81
3711,19,6,1902
3712,63,6,259
3717,70,6,704
3722,83,6,48
3725,1,6,1688
3726,66,6,17
3732,72,6,860
3745,92,6,103
3749,54,6,1580
3759,34,6,1155
3762,30,6,925
3766,15,6,835
3767,1,6,1008
3769,17,6,42
3783,43,6,116
3790,31,6,15
3798,80,6,81
3799,4,6,868
3807,83,6,766
3828,61,6,1327
3829,94,6,29
3830,59,6,459
3834,35,6,861
3839,76,6,88
3846,98,6,270
3850,52,6,43
3852,48,6,964
3855,74,6,162
3856,78,6,1005
3859,36,6,1095
3865,14,6,73
3867,36,6,1095
3870,28,6,1006
3878,3,6,48
3885,10,6,63
3887,2,6,106
3896,3,6,37
3900,54,6,769
3910,78,6,1862
3916,92,6,890
3919,64,6,1931
3921,96,6,205
3924,34,6,916
3933,46,6,662
3934,34,6,608
3945,80,6,930
3955,20,6,6
3967,19,6,943
3968,77,6,1199
3969,46,6,133
3972,70,6,401
3979,98,6,1779
4001,56,6,444
4002,3,6,1123
4012,55,6,1226
4023,29,6,115
4037,77,6,20
4042,87,6,180
4047,0,6,544
4050,65,6,127
4055,41,6,64
4058,76,6,811
4065,0,6,404
4066,76,6,46
4070,99,6,1078
4073,0,6,1215
4084,41,6,873
4086,77,6,60
4088,22,6,155
4093,61,6,436
4094,92,6,289
4095,80,6,467
4096,24,6,187
4098,3,6,44
4099,14,6,62
4102,46,6,23
4107,52,6,425
4114,2,6,1693
4119,56,6,318
4120,61,6,369
4122,73,6,895
4127,97,6,1529
4128,51,6,725
4136,63,6,119
4137,29,6,1076
4138,68,6,899
4141,26,6,776
4148,90,6,348
4149,57,6,1348
4168,30,6,433
4174,81,6,130
4179,94,6,55
4184,48,6,265
4186,11,6,76
4188,53,6,354
4198,6,6,25
4200,85,6,275
4201,39,6,468
4207,27,6,1298
4211,5,6,57
4216,33,6,1474
4220,26,6,87
4227,78,6,55
4240,79,6,58
4246,2,6,373
4248,23,6,2008
4252,73,6,301
4259,80,6,10
4261,23,6,1315
4268,50,6,158
4271,80,6,341
4278,73,6,1923
4279,87,6,54
4286,24,6,679
4290,8,6,24
4297,71,6,40
4298,63,6,10
4299,28,6,1825
4301,10,6,59
4303,76,6,137
4310,25,6,1428
4320,6,6,943
4322,20,6,1291
4324,42,6,684
4328,81,6,55
4329,43,6,16
4331,41,6,1371
4333,76,6,54
4338,28,6,44
4339,37,6,913
4345,49,6,21
4351,90,6,55
4356,70,6,1574
4368,72,6,134
4369,48,6,1169
4370,83,6,88
4376,27,6,93
4377,32,6,575
4381,56,6,235
4385,82,6,47
4390,14,6,841
4391,64,6,908
4394,43,6,1501
4399,3,6,1091
4405,2,6,789
4406,29,6,1471
4415,19,6,38
4418,36,6,1644
4426,35,6,527
4427,56,6,1365
4432,82,6,51
4436,27,6,137
4437,65,6,260
4440,93,6,546
4442,70,6,177
4444,28,6,61
4452,3,6,372
4459,13,6,37
4470,3,6,140
4472,34,6,57
4475,82,6,2440
4477,4,6,653
4478,87,6,653
4480,61,6,401
4483,67,6,1228
4487,67,6,95
4491,3,6,1178
4500,56,6,1598
4501,94,6,1478
4507,87,6,1250
4508,92,6,833
4518,59,6,1169
4530,36,6,1930
4541,84,6,257
4543,32,6,1919
4547,86,6,25
4548,66,6,54
4550,51,6,71
4552,37,6,393
4554,89,6,448
4557,11,6,67
4580,46,6,2486
4587,90,6,266
4597,67,6,2018
4599,66,6,458
4603,50,6,656
4607,24,6,777
4608,18,6,778
4609,14,6,486
4611,36,6,1724
4619,9,6,277
4637,73,6,1650
4640,65,6,1079
4643,40,6,176
4646,44,6,978
4653,46,6,189
4654,40,6,1253
4656,28,6,710
4669,46,6,102
4673,17,6,1241
4676,86,6,1695
4679,42,6,1092
4682,88,6,310
4686,28,6,1686
4687,92,6,1633
4690,45,6,586
4692,19,6,71
4697,62,6,390
4698,32,6,410
4702,20,6,1895
4706,65,6,40
4712,18,6,82
4713,15,6,125
4725,71,6,67
4741,17,6,562
4743,72,6,971
4749,55,6,586
4754,91,6,122
4756,42,6,1168
4764,52,6,169
4767,41,6,1363
4769,52,6,493
4785,3,6,714
4786,94,6,1109
4789,95,6,1677
4790,54,6,868
4791,35,6,41
4796,71,6,39
4808,12,6,17
4817,91,6,18
4827,3,6,455
4828,12,6,792
4832,84,6,101
4837,57,6,1305
4838,40,6,15
4843,92,6,833
4855,19,6,46
4856,38,6,1853
4860,66,6,25
4864,68,6,175
4865,2,6,400
4867,2,6,88
4877,2,6,41
4887,65,6,63
4910,81,6,2074
4915,86,6,732
4927,76,6,68
4931,13,6,1730
4937,62,6,44
4939,20,6,317
4943,73,6,1727
4944,24,6,777
4945,29,6,1210
4947,44,6,2059
4954,53,6,265
4961,56,6,61
4964,90,6,1158
4967,19,6,268
4971,22,6,155
4973,39,6,25
4974,98,6,1392
4988,58,6,62
4990,90,6,869
4992,12,6,69
4994,53,6,1735
4998,85,6,1033
5010,72,6,34
5011,51,6,928
5012,56,6,34
5015,94,6,162
5025,32,6,135
5029,14,6,14
5031,14,6,1833
5036,38,6,406
5043,89,6,434
5046,97,6,1638
5048,53,6,131
5049,19,6,46
5057,74,6,611
5062,71,6,39
5063,76,6,191
5067,11,6,1378
5068,75,6,26
5074,10,6,47
5077,46,6,969
5079,82,6,97
5080,12,6,1258
5081,54,6,47
5084,87,6,1064
5092,39,6,467
5093,15,6,101
5107,37,6,49
5113,67,6,1702
5114,1,6,965
5117,32,6,576
5120,78,6,1289
5121,30,6,761
5123,57,6,143
5125,64,6,1348
5136,58,6,798
5138,68,6,43
5140,66,6,1445
5147,57,6,1424
5150,64,6,47
5153,97,6,1529
5154,54,6,54
5156,13,6,889
5172,4,6,1053
5176,88,6,53
5177,56,6,396
5180,56,6,149
5181,58,6,24
5184,65,6,23
5185,83,6,892
5186,59,6,731
5204,21,6,1461
5207,41,6,793
5209,21,6,638
5221,93,6,879
5223,80,6,66
5229,81,6,42
5231,15,6,51
5232,23,6,227
5234,85,6,81
5236,30,6,2194
5237,79,6,63
5247,52,6,45
5250,75,6,1564
5252,80,6,67
5253,85,6,227
5255,19,6,637
5263,99,6,55
5267,43,6,44
5268,95,6,56
5272,64,6,562
5278,83,6,902
5283,72,6,144
5286,68,6,217
5287,77,6,79
5289,30,6,72
5290,51,6,279
5294,49,6,57
5299,43,6,1586
5300,60,6,70
5302,13,6,1428
5303,42,6,1113
5304,35,6,33
5313,20,6,44
5314,69,6,444
5316,89,6,84
5320,20,6,171
5324,94,6,422
5329,24,6,11
5331,8,6,1869
5332,2,6,1066
5336,37,6,59
5341,2,6,1588
5342,31,6,29
5346,87,6,79
5350,29,6,2525
5370,38,6,413
5371,0,6,91
5376,42,6,1730
5386,62,6,2302
5389,93,6,347
5393,64,6,42
5394,42,6,38
5396,48,6,1366
5407,70,6,1085
5423,35,6,16
5424,30,6,156
5429,10,6,183
5430,0,6,684
5441,97,6,388
5453,26,6,2352
5454,80,6,50
5455,89,6,122
5462,63,6,1174
5474,79,6,223
5491,70,6,319
5493,21,6,23
5510,2,6,441
5512,19,6,518
5513,49,6,40
5517,51,6,37
5519,8,6,797
5524,58,6,1617
5527,25,6,58
5529,56,6,444
5534,30,6,224
5536,61,6,1957
5538,78,6,1862
5543,49,6,802
5544,32,6,1490
5545,72,6,988
5547,9,6,1919
5552,50,6,293
5555,81,6,6
5558,90,6,1685
5562,92,6,735
5564,26,6,1338
5577,77,6,23
5585,1,6,48
5589,95,6,793
5596,44,6,728
5602,98,6,1282
5610,58,6,36
5621,8,6,316
5623,95,6,51
5626,13,6,463
5628,25,6,1665
5631,92,6,692
5633,47,6,231
5636,50,6,167
5642,0,6,222
5644,96,6,363
5654,34,6,61
5667,90,6,1701
5675,98,6,493
5680,66,6,30
5682,8,6,1099
5684,25,6,68
5687,98,6,1633
5692,82,6,32
5710,31,6,120
5718,17,6,1415
5721,60,6,1566
5723,63,6,116
5726,15,6,60
5731,64,6,37
5734,83,6,91
5735,29,6,2525
5740,1,6,56
5748,96,6,475
5751,54,6,38
5756,64,6,55
5758,23,6,1189
5763,63,6,380
5782,15,6,763
5788,46,6,209
5790,62,6,72
5794,1,6,446
5796,70,6,1125
5798,87,6,985
5802,40,6,75
5823,63,6,39
5824,1,6,8
5827,53,6,62
5830,96,6,2114
5831,93,6,1815
5832,32,6,1263
5835,39,6,65
5837,67,6,494
5841,61,6,832
5846,68,6,13
5847,95,6,882
5848,43,6,2009
5863,95,6,655
5866,39,6,219
5868,49,6,46
5871,98,6,467
5872,23,6,639
5883,78,6,664
5885,94,6,211
5892,11,6,221
5896,94,6,397
5899,68,6,49
5907,24,6,18
5909,25,6,1171
5922,48,6,218
5929,14,6,48
5935,60,6,764
5939,84,6,122
5948,96,6,237
5954,92,6,192
5955,27,6,1932
5956,74,6,284
5959,80,6,199
5961,29,6,57
5966,64,6,215
5967,60,6,70
5975,82,6,57
5985,0,6,122
5987,52,6,43
5989,51,6,1576
5991,24,6,266
5995,54,6,384
6001,62,6,937
6019,9,6,72
6024,62,6,2302
6036,78,6,1924
6049,85,6,1804
6050,33,6,1513
6055,94,6,1305
6059,81,6,1314
6071,77,6,1157
6072,16,6,2087
6086,62,6,1380
6097,64,6,561
6103,40,6,100
6116,13,6,75
6119,52,6,17
6131,87,6,431
6141,46,6,385
6142,65,6,900
6147,51,6,28
6168,28,6,53
6173,46,6,969
6177,32,6,169
6181,36,6,939
6182,26,6,53
6183,3,6,140
6184,6,6,1670
6197,39,6,57
6200,50,6,901
6201,45,6,49
6202,78,6,1005
6203,58,6,1734
6205,13,6,80
6211,47,6,39
6214,53,6,79
6215,24,6,31
6218,74,6,499
6222,28,6,37
6230,53,6,189
6233,21,6,971
6237,92,6,416
6245,71,6,507
6246,40,6,1507
6248,47,6,2217
6250,62,6,775
6255,29,6,334
6257,81,6,507
6260,55,6,1957
6261,81,6,470
6262,93,6,1573
6263,34,6,106
6271,13,6,63
6274,81,6,1615
6281,27,6,982
6283,64,6,908
6287,2,6,36
6289,85,6,185
6292,60,6,1822
6295,46,6,981
6299,28,6,813
6303,72,6,1497
6310,4,6,78
6312,29,6,863
6318,48,6,1366
6320,42,6,1508
6327,87,6,1146
6336,55,6,48
6340,52,6,26
6343,6,6,1518
6347,26,6,36
6349,71,6,1319
6354,51,6,47
6355,19,6,45
6357,29,6,491
6365,5,6,80
6374,50,6,297
6376,83,6,545
6379,3,6,121
6382,97,6,54
6383,78,6,46
6384,30,6,1453
6387,39,6,77
6398,2,6,50
6404,10,6,282
6406,13,6,1427
6409,18,6,1179
6417,85,6,1564
6421,32,6,2116
6422,20,6,1270
6424,9,6,49
6428,37,6,1130
6431,13,6,68
6437,80,6,76
6439,37,6,1102
6445,73,6,858
6457,77,6,902
6460,78,6,57
6461,74,6,946
6466,22,6,121
6471,17,6,59
6488,86,6,99
6497,32,6,433
6504,24,6,78
6507,16,6,56
6515,92,6,50
6516,37,6,18
6518,8,6,606
6521,18,6,1101
6528,75,6,10
6534,94,6,67
6543,45,6,1612
6544,63,6,976
6565,91,6,1782
6566,39,6,1319
6568,97,6,79
6575,51,6,612
6583,54,6,981
6605,85,6,682
6606,11,6,1161
6609,64,6,107
6613,39,6,727
6616,47,6,461
6619,91,6,44
6634,78,6,54
6637,46,6,1117
6642,50,6,102
6646,23,6,22
6652,28,6,1134
6653,72,6,418
6658,37,6,1194
6661,63,6,1174
6663,96,6,157
6673,51,6,129
6678,5,6,72
6679,29,6,16
6682,41,6,37
6690,30,6,90
6694,27,6,1068
6710,84,6,103
6715,3,6,685
6720,11,6,492
6721,21,6,1213
6722,98,6,767
6728,38,6,48
6729,95,6,1538
6730,92,6,54
6742,82,6,11
6749,78,6,1722
6768,75,6,36
6770,5,6,68
6798,30,6,433
6810,76,6,1187
6815,4,6,809
6818,26,6,369
6825,86,6,16
6853,12,6,1438
6856,75,6,65
6859,30,6,99
6862,65,6,8
6864,34,6,30
6866,56,6,34
6870,73,6,283
6872,43,6,405
6875,38,6,529
6878,14,6,324
6885,36,6,55
6887,33,6,564
6892,23,6,732
6905,55,6,1004
6906,73,6,1024
6912,60,6,772
6918,56,6,34
6919,39,6,63
6927,70,6,264
6931,19,6,1062
6932,77,6,2119
6935,44,6,978
6940,86,6,223
6941,92,6,95
6945,72,6,1375
6950,25,6,54
6958,42,6,26
6961,26,6,11
6963,85,6,1157
6969,75,6,233
6974,89,6,1497
6977,87,6,1921
6982,14,6,1581
6983,24,6,45
6988,93,6,1443
6991,88,6,637
6999,80,6,834
7000,18,6,817
7002,13,6,398
7004,82,6,84
7005,71,6,813
7007,47,6,63
7010,41,6,1363
7011,47,6,93
7019,49,6,211
7022,2,6,1410
7023,87,6,263
7030,1,6,1485
7034,34,6,55
7037,50,6,401
7042,14,6,66
7053,75,6,1453
7055,57,6,1021
7059,47,6,1495
7072,69,6,1335
7079,38,6,1245
7093,74,6,22
7094,87,6,1064
7101,24,6,1198
7106,73,6,1242
7108,54,6,353
7118,61,6,1528
7119,45,6,825
7124,72,6,94
7128,91,6,15
7129,72,6,929
7141,15,6,213
7143,14,6,820
7152,64,6,37
7165,59,6,823
7181,97,6,52
7186,43,6,35
7187,52,6,721
7192,58,6,545
7196,20,6,13
7212,99,6,65
7214,49,6,1283
7215,69,6,1135
7224,24,6,31
7230,98,6,493
7232,99,6,67
7233,4,6,1782
7235,37,6,38
7244,96,6,124
7247,72,6,606
7250,48,6,612
7254,74,6,137
7261,8,6,318
7264,2,6,17
7270,91,6,1241
7274,87,6,2153
7275,34,6,131
7279,3,6,1044
7281,80,6,186
7284,8,6,20
7286,92,6,55
7290,68,6,968
7297,54,6,57
7300,50,6,535
7301,76,6,79
7313,63,6,1565
7321,85,6,1033
7325,86,6,40
7326,83,6,63
7327,71,6,47
7342,6,6,1072
7348,0,6,1192
7349,7,6,103
7352,28,6,405
7366,12,6,1438
7369,56,6,62
7373,8,6,302
7375,84,6,576
7378,34,6,573
7381,10,6,1442
7384,18,6,485
7386,83,6,43
7393,15,6,92
7396,92,6,1597
7397,45,6,688
7408,8,6,233
7409,66,6,267
7411,31,6,17
7414,18,6,186
7419,90,6,35
7422,90,6,369
7426,76,6,198
7428,47,6,1367
7431,40,6,1820
7433,87,6,165
7437,31,6,29
7441,80,6,1615
7444,20,6,30
7446,16,6,716
7451,23,6,2008
7453,46,6,488
7458,26,6,97
7462,67,6,570
7476,93,6,1269
7485,48,6,138
7488,30,6,825
7494,11,6,269
7495,72,6,156
7500,33,6,564
7503,40,6,2209
7505,24,6,46
7514,74,6,177
7516,30,6,45
7521,57,6,1574
7527,97,6,76
7530,48,6,138
7532,26,6,132
7533,15,6,187
7540,52,6,270
7573,12,6,86
7574,80,6,41
7592,86,6,209
7600,13,6,29
7610,32,6,460
7613,97,6,326
7617,83,6,163
7620,71,6,106
7627,25,6,2086
7628,10,6,76
7629,46,6,31
7631,34,6,989
7646,70,6,805
7660,37,6,49
7679,48,6,28
7683,80,6,787
7685,4,6,78
7698,81,6,191
7699,30,6,258
7706,88,6,1048
7712,68,6,634
7718,36,6,711
7723,56,6,1440
7725,33,6,641
7732,81,6,745
7734,58,6,1216
7736,36,6,61
7755,91,6,411
7761,71,6,109
7786,22,6,160
7787,83,6,819
7788,53,6,10
7789,96,6,1672
7791,89,6,25
7793,12,6,800
7798,28,6,429
7801,87,6,728
7807,26,6,369
7822,56,6,662
7828,29,6,818
7829,99,6,65
7832,30,6,1526
7842,54,6,74
7848,17,6,368
7849,12,6,1052
7851,60,6,926
7861,23,6,1175
7872,7,6,557
7873,30,6,300
7875,46,6,1677
7881,21,6,1033
7892,89,6,75
7899,70,6,1680
7901,39,6,22
7912,69,6,103
7919,2,6,2092
7922,29,6,966
7930,74,6,268
7937,86,6,58
7938,92,6,449
7943,40,6,35
7947,99,6,37
7959,19,6,1370
7960,89,6,1382
7962,1,6,1901
7966,48,6,1191
7972,79,6,1151
7987,96,6,460
7990,2,6,17
7998,77,6,112
7999,17,6,1743
8008,54,6,119
8015,88,6,1313
8017,83,6,55
8026,10,6,463
8029,27,6,1621
8036,10,6,63
8041,35,6,1092
8070,98,6,264
8079,86,6,55
8080,50,6,22
8082,75,6,34
8086,34,6,55
8091,50,6,1106
8093,72,6,914
8104,32,6,278
8132,88,6,661
8135,41,6,52
8140,51,6,95
8143,49,6,265
8146,84,6,54
8147,40,6,48
8148,88,6,859
8151,6,6,263
8159,10,6,182
8162,88,6,26
8164,13,6,1908
8175,71,6,137
8180,53,6,310
8181,42,6,177
8182,91,6,121
8204,93,6,1319
8207,18,6,40
8210,64,6,405
8212,89,6,174
8213,71,6,96
8216,7,6,325
8230,28,6,71
8233,9,6,556
8234,13,6,18
8235,8,6,843
8254,48,6,23
8268,23,6,404
8275,6,6,20
8278,3,6,1711
8286,55,6,122
8299,46,6,71
8310,96,6,1459
8312,80,6,43
8314,30,6,1772
8315,65,6,23
8318,7,6,1738
8334,34,6,131
8341,22,6,34
8346,26,6,296
8360,76,6,198
8362,9,6,1919
8369,21,6,28
8370,50,6,1159
8372,81,6,30
8373,94,6,29
8375,63,6,518
8387,68,6,235
8395,48,6,1511
8397,82,6,34
8402,40,6,794
8405,83,6,305
8414,76,6,86
8416,19,6,44
8418,60,6,61
8420,27,6,64
8427,78,6,1540
8430,4,6,22
8432,0,6,684
8439,97,6,902
8442,63,6,30
8443,16,6,86
8461,3,6,16
8462,52,6,80
8475,98,6,1608
8477,61,6,28
8486,27,6,367
8492,25,6,1493
8504,70,6,1366
8514,59,6,20
8523,39,6,60
8524,15,6,101
8527,37,6,395
8534,51,6,992
8537,60,6,1429
8541,98,6,41
8545,6,6,1789
8553,65,6,42
8557,57,6,46
8560,94,6,680
8562,72,6,236
8566,10,6,9
8581,4,6,751
8584,54,6,1165
8588,92,6,289
8594,25,6,135
8595,99,6,67
8601,3,6,1395
8602,97,6,1049
8605,36,6,68
8614,29,6,507
8619,4,6,22
8624,61,6,928
8625,70,6,45
8629,71,6,41
8643,21,6,1662
8650,31,6,42
8652,20,6,317
8659,50,6,1038
8663,85,6,15
8685,56,6,436
8686,65,6,75
8687,54,6,486
8690,73,6,1385
8692,50,6,240
8700,86,6,66
8702,10,6,22
8707,12,6,1401
8717,56,6,1835
8720,53,6,1679
8722,38,6,1853
8724,57,6,46
8726,57,6,174
8727,63,6,1150
8732,81,6,1461
8737,22,6,43
8746,28,6,1188
8749,68,6,61
8754,25,6,20
8755,4,6,1196
8773,22,6,322
8775,74,6,137
8779,13,6,172
8780,71,6,507
8783,40,6,454
8786,52,6,450
8789,77,6,274
8799,6,6,153
8800,53,6,902
8805,1,6,371
8812,45,6,48
8825,46,6,564
8832,24,6,123
8842,33,6,44
8852,80,6,1080
8858,69,6,542
8867,90,6,2126
8870,68,6,497
8876,49,6,152
8890,1,6,272
8895,68,6,968
8897,9,6,654
8908,35,6,1097
8910,7,6,252
8911,11,6,702
8916,78,6,16
8920,4,6,1128
8923,12,6,1587
8925,38,6,1012
8931,82,6,1761
8932,57,6,1531
8933,16,6,66
8939,49,6,730
8945,46,6,203
8952,96,6,859
8953,94,6,35
8955,54,6,49
8957,51,6,1120
8962,18,6,37
8969,59,6,1141
8970,93,6,530
8975,47,6,69
8977,51,6,24
8985,54,6,1211
8996,4,6,603
9010,80,6,2346
9014,65,6,61
9029,73,6,1536
9058,65,6,1867
9064,10,6,1555
9076,44,6,185
9080,2,6,73
9081,58,6,25
9094,39,6,587
9097,34,6,343
9119,27,6,392
9120,80,6,1065
9121,40,6,1690
9135,92,6,64
9140,89,6,91
9145,43,6,1478
9150,21,6,62
9153,81,6,1048
9166,57,6,882
9167,72,6,976
9185,38,6,1029
9197,92,6,47
9204,33,6,1029
9206,36,6,1121
9209,85,6,1564
9212,17,6,1678
9213,13,6,15
9214,48,6,358
9215,19,6,551
9216,34,6,44
9220,58,6,1968
9224,81,6,1139
9235,45,6,18
9239,94,6,126
9240,73,6,526
9242,19,6,1722
9246,73,6,415
9256,5,6,1001
9260,20,6,1706
9262,11,6,52
9264,1,6,1638
9265,74,6,1390
9274,44,6,1213
9283,49,6,18
9284,21,6,907
9286,93,6,747
9289,16,6,63
9291,25,6,15
9292,74,6,1382
9298,89,6,1798
9303,12,6,32
9305,65,6,1315
9308,51,6,976
9316,29,6,29
9323,5,6,874
9336,38,6,636
9347,49,6,46
9349,84,6,1131
9353,61,6,995
9360,41,6,316
9362,14,6,568
9365,57,6,1277
9369,19,6,1274
9370,68,6,1120
9381,57,6,606
9384,57,6,606
9386,88,6,320
9392,17,6,17
9396,31,6,25
9400,73,6,1383
9405,40,6,172
9422,26,6,131
9423,49,6,46
9426,77,6,900
9432,23,6,62
9449,32,6,605
9451,92,6,1658
9460,74,6,162
9463,16,6,1443
9467,51,6,20
9477,0,6,544
9478,30,6,401
9481,80,6,68
9483,24,6,637
9485,23,6,199
9491,68,6,66
9493,15,6,1808
9495,29,6,1149
9499,97,6,1616
9500,66,6,758
9503,65,6,313
9504,4,6,1008
9507,18,6,434
9516,90,6,1229
9523,95,6,15
9529,8,6,1627
9530,16,6,17
9543,74,6,22
9553,94,6,15
9559,79,6,1034
9560,18,6,1674
9576,60,6,159
9579,61,6,106
9589,54,6,1234
9592,51,6,33
9595,1,6,1574
9596,19,6,664
9597,10,6,725
9606,64,6,1536
9612,3,6,43
9617,37,6,19
9624,46,6,963
9635,13,6,129
9645,98,6,1338
9648,20,6,253
9653,16,6,68
9665,48,6,361
9668,14,6,77
9671,47,6,69
9672,82,6,65
9687,1,6,726
9697,86,6,542
9699,12,6,733
9701,13,6,312
9703,70,6,184
9706,98,6,94
9707,65,6,1182
9710,80,6,792
9723,8,6,1016
9725,16,6,12
9727,13,6,81
9729,48,6,615
9733,52,6,80
9736,51,6,96
9738,43,6,100
9739,55,6,114
9743,85,6,1910
9750,41,6,1307
9757,98,6,1631
9760,24,6,1198
9771,97,6,269
9780,12,6,795
9790,12,6,1334
9797,38,6,443
9799,57,6,1173
9805,65,6,660
9817,71,6,1049
9826,96,6,2114
9829,42,6,78
9847,39,6,587
9850,32,6,19
9855,25,6,1020
9860,11,6,215
9862,37,6,33
9888,3,6,1091
9904,50,6,1043
9905,69,6,255
9907,80,6,1013
9909,24,6,122
9916,92,6,54
9923,6,6,92
9925,97,6,216
9930,8,6,1167
9931,29,6,9
9937,75,6,576
9938,82,6,1600
9940,97,6,1009
9949,36,6,877
9952,53,6,1105
9955,20,6,134
9958,54,6,769
9960,52,6,14
9964,56,6,424
9967,30,6,447
9970,3,6,162
9971,22,6,506
9972,25,6,46
9973,28,6,490
9974,75,6,70
9977,99,6,734
9984,25,6,724
9986,8,6,54
9988,84,6,860
9999,2,6,1040
10001,98,6,100
10010,43,6,152
10022,78,6,16
10031,50,6,53
10032,86,6,53
10033,54,6,38
10037,66,6,1127
10057,70,6,1331
10061,29,6,1088
10065,27,6,64
10067,79,6,13
10069,43,6,58
10084,9,6,50
10089,5,6,1112
10091,78,6,1067
10092,46,6,1504
10095,9,6,1293
10099,21,6,882
10102,19,6,1478
10104,65,6,8
10120,84,6,257
10127,21,6,395
10128,21,6,907
10129,35,6,1456
10133,16,6,2349
10140,27,6,1727
10141,1,6,20
10142,99,6,689
10144,84,6,576
10146,17,6,42
10150,10,6,1449
10151,38,6,946
10156,56,6,1237
10157,78,6,274
10159,77,6,1185
10160,49,6,46
10163,28,6,1323
10164,75,6,1691
10172,95,6,1538
10175,0,6,22
10176,44,6,416
10177,4,6,1338
10196,26,6,614
10203,77,6,42
10207,40,6,15
10212,43,6,100
10219,40,6,38
10232,9,6,331
10236,59,6,64
10240,10,6,1381
10241,16,6,14
10242,39,6,75
10245,71,6,756
10250,49,6,28
10258,94,6,35
10260,74,6,311
10262,96,6,53
10264,60,6,31
10270,8,6,66
10277,27,6,42
10281,11,6,602
10286,2,6,926
10299,73,6,882
10304,77,6,60
10307,91,6,525
10311,0,6,359
10313,69,6,254
10314,79,6,1318
10319,56,6,1286
10323,88,6,304
10339,83,6,207
10340,68,6,497
10341,45,6,222
10343,27,6,1345
10350,37,6,38
10352,2,6,117
10356,5,6,32
10364,72,6,20
10377,37,6,397
10379,87,6,574
10380,50,6,106
10381,43,6,21
10383,30,6,1093
10390,27,6,30
10394,91,6,1479
10395,25,6,101
10398,82,6,31
10401,12,6,18
10402,94,6,39
10403,43,6,44
10413,67,6,1089
10420,56,6,222
10424,60,6,1295
10430,22,6,1472
10432,26,6,22
10446,58,6,729
10448,55,6,377
10451,6,6,25
10466,86,6,60
10469,42,6,1623
10470,0,6,92
10473,38,6,528
10475,39,6,317
10476,0,6,251
10477,16,6,102
10478,53,6,633
10479,64,6,1511
10486,54,6,990
10489,35,6,1778
10490,11,6,417
10492,96,6,10
10500,96,6,98
10505,86,6,1001
10507,14,6,797
10509,46,6,71
10513,68,6,1502
10521,0,6,174
10524,29,6,795
10525,40,6,27
10530,0,6,1156
10536,78,6,46
10542,63,6,77
10548,30,6,960
10552,18,6,367
10556,51,6,358
10560,23,6,20
10562,21,6,1033
10573,27,6,421
10581,41,6,506
10582,3,6,758
10584,77,6,945
10590,91,6,1483
10591,37,6,201
10595,19,6,69
10598,89,6,37
10602,30,6,156
10609,15,6,88
10613,44,6,62
10617,34,6,30
10619,29,6,1990
10623,2,6,32
10629,25,6,109
10634,56,6,406
10637,77,6,99
10640,71,6,211
10641,5,6,57
10642,13,6,37
10643,23,6,653
10648,78,6,1289
10652,48,6,1169
10659,7,6,53
10660,61,6,438
10664,14,6,467
10669,8,6,470
10673,6,6,1416
10675,82,6,1161
10676,3,6,1173
10678,91,6,917
10680,71,6,70
10681,13,6,889
10686,72,6,21
10691,55,6,43
10699,30,6,92
10701,60,6,1211
10702,67,6,450
10703,86,6,120
10704,65,6,693
10708,50,6,33
10710,61,6,18
10711,23,6,894
10722,63,6,546
10727,43,6,1586
10735,75,6,26
10736,28,6,1525
10738,55,6,65
10741,70,6,319
10742,72,6,746
10749,62,6,178
10755,76,6,81
10757,36,6,13
10766,22,6,506
10767,40,6,1346
10770,73,6,1045
10779,16,6,49
10785,17,6,41
10789,13,6,68
10790,40,6,21
10795,14,6,48
10796,16,6,66
10812,89,6,90
10814,6,6,1376
10821,45,6,263
10826,77,6,60
10827,49,6,146
10832,4,6,467
10833,55,6,973
10837,47,6,68
10839,42,6,29
10841,46,6,484
10846,22,6,629
10854,90,6,45
10855,9,6,396
10856,42,6,46
10858,38,6,820
10862,6,6,326
10868,82,6,1272
10870,46,6,1341
10872,65,6,1182
10882,50,6,915
10888,46,6,636
10897,63,6,1174
10905,7,6,252
10906,52,6,425
10909,9,6,1899
10913,56,6,27
10914,3,6,17
10925,93,6,1003
10928,28,6,599
10936,79,6,1947
10949,8,6,1958
10951,20,6,306
10955,68,6,1600
10965,72,6,1722
10967,38,6,99
10968,0,6,704
10971,28,6,473
10972,52,6,939
10981,27,6,1198
10983,17,6,930
10991,18,6,850
10992,77,6,1148
10995,8,6,92
11003,10,6,50
11004,23,6,22
11007,43,6,34
11010,75,6,44
11013,84,6,938
11025,9,6,138
11030,90,6,16
11031,90,6,40
11039,51,6,311
11051,72,6,661
11056,18,6,1188
11071,37,6,1923
11074,94,6,1423
11075,37,6,270
11084,4,6,1053
11086,18,6,21
11088,83,6,1816
11091,68,6,22
11092,78,6,41
11096,50,6,232
11100,37,6,63
11101,17,6,836
11110,56,6,5
11112,23,6,1477
11114,94,6,84
11121,76,6,70
11133,3,6,424
11148,85,6,13
11166,81,6,315
11171,60,6,411
11176,12,6,495
11178,69,6,32
11181,85,6,8
11187,23,6,69
11188,84,6,89
11191,11,6,139
