"customer_id","recency","frequency","inactive"
2831,99,6,"Yes"
4070,99,6,"Yes"
5263,99,6,"Yes"
868,99,6,"Yes"
7829,99,6,"Yes"
1743,99,6,"Yes"
7232,99,6,"Yes"
2415,99,6,"Yes"
9977,99,6,"Yes"
3363,99,6,"Yes"
22,99,6,"Yes"
8595,99,6,"Yes"
7947,99,6,"Yes"
7212,99,6,"Yes"
528,99,6,"Yes"
10142,99,6,"Yes"
2106,99,6,"Yes"
5602,98,6,"Yes"
2088,98,6,"Yes"
7230,98,6,"Yes"
8475,98,6,"Yes"
5871,98,6,"Yes"
2202,98,6,"Yes"
3979,98,6,"Yes"
966,98,6,"Yes"
213,98,6,"Yes"
9757,98,6,"Yes"
6722,98,6,"Yes"
5687,98,6,"Yes"
9706,98,6,"Yes"
2320,98,6,"Yes"
9645,98,6,"Yes"
313,98,6,"Yes"
10001,98,6,"Yes"
4974,98,6,"Yes"
8070,98,6,"Yes"
3846,98,6,"Yes"
8541,98,6,"Yes"
5675,98,6,"Yes"
9925,97,6,"Yes"
5153,97,6,"Yes"
3032,97,6,"Yes"
7181,97,6,"Yes"
7613,97,6,"Yes"
4127,97,6,"Yes"
6382,97,6,"Yes"
9940,97,6,"Yes"
7527,97,6,"Yes"
8602,97,6,"Yes"
9499,97,6,"Yes"
9771,97,6,"Yes"
3406,97,6,"Yes"
1663,97,6,"Yes"
5441,97,6,"Yes"
3231,97,6,"Yes"
6568,97,6,"Yes"
5046,97,6,"Yes"
8439,97,6,"Yes"
48,97,6,"Yes"
3336,96,6,"Yes"
7789,96,6,"Yes"
10492,96,6,"Yes"
1966,96,6,"Yes"
24,96,6,"Yes"
8952,96,6,"Yes"
3921,96,6,"Yes"
10262,96,6,"Yes"
2939,96,6,"Yes"
9826,96,6,"Yes"
3270,96,6,"Yes"
1135,96,6,"Yes"
5748,96,6,"Yes"
5644,96,6,"Yes"
5830,96,6,"Yes"
7987,96,6,"Yes"
574,96,6,"Yes"
8310,96,6,"Yes"
3266,96,6,"Yes"
5948,96,6,"Yes"
10500,96,6,"Yes"
7244,96,6,"Yes"
456,96,6,"Yes"
6663,96,6,"Yes"
1295,96,6,"Yes"
999,95,6,"Yes"
1890,95,6,"Yes"
2931,95,6,"Yes"
5847,95,6,"Yes"
9523,95,6,"Yes"
3130,95,6,"Yes"
5863,95,6,"Yes"
2254,95,6,"Yes"
2532,95,6,"Yes"
3117,95,6,"Yes"
10172,95,6,"Yes"
1545,95,6,"Yes"
2579,95,6,"Yes"
5589,95,6,"Yes"
4789,95,6,"Yes"
2661,95,6,"Yes"
5623,95,6,"Yes"
5268,95,6,"Yes"
6729,95,6,"Yes"
4501,94,6,"Yes"
3469,94,6,"Yes"
3310,94,6,"Yes"
9553,94,6,"Yes"
5015,94,6,"Yes"
8560,94,6,"Yes"
5896,94,6,"Yes"
1010,94,6,"Yes"
8373,94,6,"Yes"
5324,94,6,"Yes"
2292,94,6,"Yes"
4786,94,6,"Yes"
4179,94,6,"Yes"
8953,94,6,"Yes"
6534,94,6,"Yes"
2134,94,6,"Yes"
3515,94,6,"Yes"
5885,94,6,"Yes"
3829,94,6,"Yes"
10258,94,6,"Yes"
6055,94,6,"Yes"
11114,94,6,"Yes"
3520,94,6,"Yes"
11074,94,6,"Yes"
10402,94,6,"Yes"
9239,94,6,"Yes"
2008,93,6,"Yes"
9286,93,6,"Yes"
8970,93,6,"Yes"
3641,93,6,"Yes"
8204,93,6,"Yes"
3628,93,6,"Yes"
6262,93,6,"Yes"
175,93,6,"Yes"
7476,93,6,"Yes"
5389,93,6,"Yes"
2875,93,6,"Yes"
1324,93,6,"Yes"
5831,93,6,"Yes"
6988,93,6,"Yes"
1604,93,6,"Yes"
5221,93,6,"Yes"
10925,93,6,"Yes"
4440,93,6,"Yes"
2878,93,6,"Yes"
322,93,6,"Yes"
1755,93,6,"Yes"
1764,92,6,"Yes"
6237,92,6,"Yes"
961,92,6,"Yes"
123,92,6,"Yes"
4843,92,6,"Yes"
5954,92,6,"Yes"
7396,92,6,"Yes"
5631,92,6,"Yes"
7286,92,6,"Yes"
1916,92,6,"Yes"
8588,92,6,"Yes"
1517,92,6,"Yes"
4687,92,6,"Yes"
3916,92,6,"Yes"
5562,92,6,"Yes"
7938,92,6,"Yes"
4094,92,6,"Yes"
946,92,6,"Yes"
6515,92,6,"Yes"
3745,92,6,"Yes"
6941,92,6,"Yes"
1951,92,6,"Yes"
9135,92,6,"Yes"
9916,92,6,"Yes"
9197,92,6,"Yes"
2227,92,6,"Yes"
3298,92,6,"Yes"
6730,92,6,"Yes"
4508,92,6,"Yes"
9451,92,6,"Yes"
6565,91,6,"Yes"
7270,91,6,"Yes"
7755,91,6,"Yes"
10394,91,6,"Yes"
8182,91,6,"Yes"
10307,91,6,"Yes"
10590,91,6,"Yes"
4754,91,6,"Yes"
4817,91,6,"Yes"
10678,91,6,"Yes"
6619,91,6,"Yes"
1833,91,6,"Yes"
2246,91,6,"Yes"
451,91,6,"Yes"
1142,91,6,"Yes"
20,91,6,"Yes"
7128,91,6,"Yes"
2147,91,6,"Yes"
1291,90,6,"No"
7422,90,6,"No"
11031,90,6,"No"
7419,90,6,"No"
2747,90,6,"No"
8867,90,6,"No"
10854,90,6,"No"
11030,90,6,"No"
5558,90,6,"No"
450,90,6,"No"
4148,90,6,"No"
5667,90,6,"No"
9516,90,6,"No"
4990,90,6,"No"
4964,90,6,"No"
4587,90,6,"No"
832,90,6,"No"
221,90,6,"No"
1357,90,6,"No"
4351,90,6,"No"
3426,89,6,"No"
9298,89,6,"No"
2986,89,6,"No"
6974,89,6,"No"
5043,89,6,"No"
10812,89,6,"No"
7791,89,6,"No"
8212,89,6,"No"
1404,89,6,"No"
3233,89,6,"No"
2975,89,6,"No"
5316,89,6,"No"
4554,89,6,"No"
5455,89,6,"No"
3104,89,6,"No"
7892,89,6,"No"
7960,89,6,"No"
9140,89,6,"No"
2909,89,6,"No"
10598,89,6,"No"
8015,88,6,"No"
4682,88,6,"No"
1745,88,6,"No"
5176,88,6,"No"
10323,88,6,"No"
2736,88,6,"No"
6991,88,6,"No"
692,88,6,"No"
3083,88,6,"No"
3136,88,6,"No"
9386,88,6,"No"
8162,88,6,"No"
8132,88,6,"No"
8148,88,6,"No"
503,88,6,"No"
7706,88,6,"No"
6327,87,6,"No"
4279,87,6,"No"
6131,87,6,"No"
7023,87,6,"No"
2564,87,6,"No"
5084,87,6,"No"
2445,87,6,"No"
1491,87,6,"No"
6977,87,6,"No"
606,87,6,"No"
4507,87,6,"No"
5798,87,6,"No"
4042,87,6,"No"
4478,87,6,"No"
10379,87,6,"No"
7274,87,6,"No"
7094,87,6,"No"
7433,87,6,"No"
2350,87,6,"No"
7801,87,6,"No"
3332,87,6,"No"
3010,87,6,"No"
5346,87,6,"No"
1118,87,6,"No"
2902,87,6,"No"
550,87,6,"No"
1137,87,6,"No"
4547,86,6,"No"
7937,86,6,"No"
2304,86,6,"No"
2804,86,6,"No"
2278,86,6,"No"
7592,86,6,"No"
9,86,6,"No"
6825,86,6,"No"
3170,86,6,"No"
455,86,6,"No"
6940,86,6,"No"
3194,86,6,"No"
2961,86,6,"No"
2005,86,6,"No"
9697,86,6,"No"
10032,86,6,"No"
6488,86,6,"No"
10703,86,6,"No"
8700,86,6,"No"
10466,86,6,"No"
4676,86,6,"No"
10505,86,6,"No"
8079,86,6,"No"
7325,86,6,"No"
4915,86,6,"No"
231,86,6,"No"
6289,85,6,"No"
5253,85,6,"No"
5234,85,6,"No"
4200,85,6,"No"
6049,85,6,"No"
1958,85,6,"No"
7321,85,6,"No"
6417,85,6,"No"
9209,85,6,"No"
9743,85,6,"No"
4998,85,6,"No"
6963,85,6,"No"
8663,85,6,"No"
1065,85,6,"No"
11148,85,6,"No"
6605,85,6,"No"
2712,85,6,"No"
11181,85,6,"No"
8146,84,6,"No"
2516,84,6,"No"
4541,84,6,"No"
7375,84,6,"No"
819,84,6,"No"
1440,84,6,"No"
1490,84,6,"No"
11188,84,6,"No"
11013,84,6,"No"
1627,84,6,"No"
3152,84,6,"No"
10120,84,6,"No"
5939,84,6,"No"
4832,84,6,"No"
2456,84,6,"No"
9349,84,6,"No"
9988,84,6,"No"
361,84,6,"No"
988,84,6,"No"
3138,84,6,"No"
2230,84,6,"No"
10144,84,6,"No"
6710,84,6,"No"
8017,83,6,"No"
3807,83,6,"No"
3006,83,6,"No"
2150,83,6,"No"
5278,83,6,"No"
1878,83,6,"No"
7386,83,6,"No"
55,83,6,"No"
6376,83,6,"No"
10339,83,6,"No"
2416,83,6,"No"
2453,83,6,"No"
4370,83,6,"No"
3523,83,6,"No"
3722,83,6,"No"
5734,83,6,"No"
7787,83,6,"No"
8405,83,6,"No"
11088,83,6,"No"
5185,83,6,"No"
7617,83,6,"No"
7326,83,6,"No"
8397,82,6,"No"
4432,82,6,"No"
9672,82,6,"No"
10675,82,6,"No"
983,82,6,"No"
4385,82,6,"No"
1998,82,6,"No"
1250,82,6,"No"
4475,82,6,"No"
6742,82,6,"No"
2125,82,6,"No"
5079,82,6,"No"
10868,82,6,"No"
5692,82,6,"No"
803,82,6,"No"
339,82,6,"No"
9938,82,6,"No"
7004,82,6,"No"
10398,82,6,"No"
1612,82,6,"No"
5975,82,6,"No"
8931,82,6,"No"
8372,81,6,"No"
7732,81,6,"No"
1655,81,6,"No"
4174,81,6,"No"
6257,81,6,"No"
4328,81,6,"No"
4910,81,6,"No"
6274,81,6,"No"
564,81,6,"No"
73,81,6,"No"
9153,81,6,"No"
955,81,6,"No"
17,81,6,"No"
3182,81,6,"No"
310,81,6,"No"
6261,81,6,"No"
9224,81,6,"No"
2002,81,6,"No"
5555,81,6,"No"
2740,81,6,"No"
7698,81,6,"No"
193,81,6,"No"
520,81,6,"No"
6059,81,6,"No"
5229,81,6,"No"
11166,81,6,"No"
8732,81,6,"No"
4095,80,6,"No"
6999,80,6,"No"
9010,80,6,"No"
7281,80,6,"No"
5959,80,6,"No"
7683,80,6,"No"
7574,80,6,"No"
702,80,6,"No"
9710,80,6,"No"
2563,80,6,"No"
1509,80,6,"No"
9907,80,6,"No"
5454,80,6,"No"
2549,80,6,"No"
5223,80,6,"No"
9120,80,6,"No"
4271,80,6,"No"
6437,80,6,"No"
5252,80,6,"No"
3798,80,6,"No"
7441,80,6,"No"
2952,80,6,"No"
8852,80,6,"No"
8312,80,6,"No"
2488,80,6,"No"
3945,80,6,"No"
4259,80,6,"No"
9481,80,6,"No"
922,79,6,"No"
1584,79,6,"No"
5237,79,6,"No"
771,79,6,"No"
10314,79,6,"No"
5474,79,6,"No"
2895,79,6,"No"
375,79,6,"No"
10067,79,6,"No"
10936,79,6,"No"
500,79,6,"No"
4240,79,6,"No"
7972,79,6,"No"
2861,79,6,"No"
2674,79,6,"No"
2461,79,6,"No"
9559,79,6,"No"
11092,78,6,"No"
146,78,6,"No"
6634,78,6,"No"
2607,78,6,"No"
538,78,6,"No"
697,78,6,"No"
5120,78,6,"No"
3503,78,6,"No"
5538,78,6,"No"
6383,78,6,"No"
3856,78,6,"No"
3910,78,6,"No"
10648,78,6,"No"
217,78,6,"No"
10536,78,6,"No"
5883,78,6,"No"
10157,78,6,"No"
8427,78,6,"No"
8916,78,6,"No"
6202,78,6,"No"
10091,78,6,"No"
4227,78,6,"No"
6036,78,6,"No"
10022,78,6,"No"
6749,78,6,"No"
6460,78,6,"No"
295,77,6,"No"
1177,77,6,"No"
3968,77,6,"No"
10304,77,6,"No"
8789,77,6,"No"
5287,77,6,"No"
641,77,6,"No"
10203,77,6,"No"
10584,77,6,"No"
1834,77,6,"No"
4037,77,6,"No"
10992,77,6,"No"
10637,77,6,"No"
5577,77,6,"No"
3559,77,6,"No"
4086,77,6,"No"
6071,77,6,"No"
10159,77,6,"No"
9426,77,6,"No"
6457,77,6,"No"
954,77,6,"No"
7998,77,6,"No"
6932,77,6,"No"
2337,77,6,"No"
10826,77,6,"No"
591,76,6,"No"
238,76,6,"No"
4333,76,6,"No"
4066,76,6,"No"
11121,76,6,"No"
3483,76,6,"No"
6810,76,6,"No"
4303,76,6,"No"
7301,76,6,"No"
5063,76,6,"No"
7426,76,6,"No"
2948,76,6,"No"
8360,76,6,"No"
8414,76,6,"No"
4058,76,6,"No"
10755,76,6,"No"
4927,76,6,"No"
2258,76,6,"No"
3839,76,6,"No"
9974,75,6,"No"
5068,75,6,"No"
8082,75,6,"No"
3179,75,6,"No"
10735,75,6,"No"
9937,75,6,"No"
274,75,6,"No"
6856,75,6,"No"
6768,75,6,"No"
2375,75,6,"No"
10164,75,6,"No"
1362,75,6,"No"
7053,75,6,"No"
6969,75,6,"No"
6528,75,6,"No"
11010,75,6,"No"
5250,75,6,"No"
9543,74,6,"No"
1461,74,6,"No"
1672,74,6,"No"
2262,74,6,"No"
7093,74,6,"No"
367,74,6,"No"
6461,74,6,"No"
3855,74,6,"No"
1921,74,6,"No"
5956,74,6,"No"
8775,74,6,"No"
1990,74,6,"No"
3594,74,6,"No"
2853,74,6,"No"
902,74,6,"No"
2894,74,6,"No"
9460,74,6,"No"
6218,74,6,"No"
7254,74,6,"No"
257,74,6,"No"
7514,74,6,"No"
7930,74,6,"No"
10260,74,6,"No"
5057,74,6,"No"
9265,74,6,"No"
9292,74,6,"No"
9400,73,6,"No"
4122,73,6,"No"
6870,73,6,"No"
143,73,6,"No"
8690,73,6,"No"
4637,73,6,"No"
4252,73,6,"No"
9240,73,6,"No"
7106,73,6,"No"
4943,73,6,"No"
10299,73,6,"No"
9029,73,6,"No"
10770,73,6,"No"
4278,73,6,"No"
9246,73,6,"No"
1928,73,6,"No"
6906,73,6,"No"
176,73,6,"No"
6445,73,6,"No"
1173,73,6,"No"
11051,72,6,"No"
1513,72,6,"No"
5545,72,6,"No"
7247,72,6,"No"
5010,72,6,"No"
7129,72,6,"No"
713,72,6,"No"
8093,72,6,"No"
1371,72,6,"No"
10742,72,6,"No"
7124,72,6,"No"
4743,72,6,"No"
8562,72,6,"No"
9167,72,6,"No"
6945,72,6,"No"
6653,72,6,"No"
5283,72,6,"No"
460,72,6,"No"
3732,72,6,"No"
1030,72,6,"No"
4368,72,6,"No"
10364,72,6,"No"
10965,72,6,"No"
7495,72,6,"No"
10686,72,6,"No"
2918,72,6,"No"
6303,72,6,"No"
10640,71,6,"No"
7761,71,6,"No"
4297,71,6,"No"
5062,71,6,"No"
6349,71,6,"No"
8213,71,6,"No"
269,71,6,"No"
3225,71,6,"No"
1172,71,6,"No"
7620,71,6,"No"
6245,71,6,"No"
10245,71,6,"No"
8780,71,6,"No"
4725,71,6,"No"
4796,71,6,"No"
1665,71,6,"No"
2447,71,6,"No"
2276,71,6,"No"
8175,71,6,"No"
1553,71,6,"No"
798,71,6,"No"
8629,71,6,"No"
246,71,6,"No"
3386,71,6,"No"
10680,71,6,"No"
3286,71,6,"No"
7005,71,6,"No"
9817,71,6,"No"
7327,71,6,"No"
2431,70,6,"No"
5407,70,6,"No"
5491,70,6,"No"
3972,70,6,"No"
6927,70,6,"No"
10741,70,6,"No"
4442,70,6,"No"
9703,70,6,"No"
8625,70,6,"No"
1020,70,6,"No"
5796,70,6,"No"
7646,70,6,"No"
4356,70,6,"No"
10057,70,6,"No"
7899,70,6,"No"
3717,70,6,"No"
2886,70,6,"No"
8504,70,6,"No"
5314,69,6,"No"
9905,69,6,"No"
11178,69,6,"No"
7912,69,6,"No"
2565,69,6,"No"
2410,69,6,"No"
8858,69,6,"No"
3281,69,6,"No"
2437,69,6,"No"
10313,69,6,"No"
7215,69,6,"No"
895,69,6,"No"
3635,69,6,"No"
1409,69,6,"No"
642,69,6,"No"
7072,69,6,"No"
8749,68,6,"No"
4864,68,6,"No"
7712,68,6,"No"
3535,68,6,"No"
9491,68,6,"No"
9370,68,6,"No"
5138,68,6,"No"
8895,68,6,"No"
10340,68,6,"No"
8387,68,6,"No"
8870,68,6,"No"
10955,68,6,"No"
2544,68,6,"No"
5899,68,6,"No"
5286,68,6,"No"
5846,68,6,"No"
11091,68,6,"No"
405,68,6,"No"
3409,68,6,"No"
2115,68,6,"No"
10513,68,6,"No"
7290,68,6,"No"
2118,68,6,"No"
4138,68,6,"No"
378,68,6,"No"
5113,67,6,"No"
10413,67,6,"No"
3696,67,6,"No"
10702,67,6,"No"
4487,67,6,"No"
304,67,6,"No"
7462,67,6,"No"
1502,67,6,"No"
2863,67,6,"No"
3412,67,6,"No"
1744,67,6,"No"
5837,67,6,"No"
675,67,6,"No"
736,67,6,"No"
4483,67,6,"No"
4597,67,6,"No"
3422,67,6,"No"
916,67,6,"No"
2611,66,6,"No"
5680,66,6,"No"
3726,66,6,"No"
1964,66,6,"No"
879,66,6,"No"
4860,66,6,"No"
4548,66,6,"No"
2669,66,6,"No"
9500,66,6,"No"
4599,66,6,"No"
3074,66,6,"No"
425,66,6,"No"
7409,66,6,"No"
5140,66,6,"No"
0,66,6,"No"
10037,66,6,"No"
6142,65,6,"No"
4887,65,6,"No"
2525,65,6,"No"
10104,65,6,"No"
3536,65,6,"No"
10704,65,6,"No"
9305,65,6,"No"
4437,65,6,"No"
849,65,6,"No"
10872,65,6,"No"
9805,65,6,"No"
3254,65,6,"No"
4706,65,6,"No"
2004,65,6,"No"
9503,65,6,"No"
6862,65,6,"No"
9707,65,6,"No"
1606,65,6,"No"
125,65,6,"No"
9014,65,6,"No"
3081,65,6,"No"
4050,65,6,"No"
2589,65,6,"No"
8553,65,6,"No"
4640,65,6,"No"
5184,65,6,"No"
8686,65,6,"No"
3643,65,6,"No"
9058,65,6,"No"
8315,65,6,"No"
5731,64,6,"No"
5125,64,6,"No"
10479,64,6,"No"
9606,64,6,"No"
3421,64,6,"No"
5966,64,6,"No"
7152,64,6,"No"
4391,64,6,"No"
3439,64,6,"No"
2995,64,6,"No"
5150,64,6,"No"
3570,64,6,"No"
1072,64,6,"No"
8210,64,6,"No"
6609,64,6,"No"
773,64,6,"No"
6097,64,6,"No"
2730,64,6,"No"
5272,64,6,"No"
5756,64,6,"No"
6283,64,6,"No"
5393,64,6,"No"
3919,64,6,"No"
5763,63,6,"No"
1993,63,6,"No"
5723,63,6,"No"
716,63,6,"No"
2656,63,6,"No"
8442,63,6,"No"
6544,63,6,"No"
4136,63,6,"No"
3712,63,6,"No"
2928,63,6,"No"
5823,63,6,"No"
4298,63,6,"No"
7313,63,6,"No"
10897,63,6,"No"
2920,63,6,"No"
2406,63,6,"No"
8375,63,6,"No"
5462,63,6,"No"
8727,63,6,"No"
6661,63,6,"No"
10542,63,6,"No"
10722,63,6,"No"
3056,63,6,"No"
1168,62,6,"No"
182,62,6,"No"
1165,62,6,"No"
833,62,6,"No"
4937,62,6,"No"
3565,62,6,"No"
6250,62,6,"No"
1127,62,6,"No"
6086,62,6,"No"
5386,62,6,"No"
1763,62,6,"No"
10749,62,6,"No"
2926,62,6,"No"
6001,62,6,"No"
6024,62,6,"No"
5790,62,6,"No"
2678,62,6,"No"
4697,62,6,"No"
236,62,6,"No"
5536,61,6,"No"
7118,61,6,"No"
368,61,6,"No"
8624,61,6,"No"
2836,61,6,"No"
3828,61,6,"No"
10710,61,6,"No"
4093,61,6,"No"
2802,61,6,"No"
3599,61,6,"No"
2061,61,6,"No"
9353,61,6,"No"
4120,61,6,"No"
4480,61,6,"No"
10660,61,6,"No"
5841,61,6,"No"
640,61,6,"No"
9579,61,6,"No"
3389,61,6,"No"
8477,61,6,"No"
3174,61,6,"No"
5935,60,6,"No"
10424,60,6,"No"
3202,60,6,"No"
10264,60,6,"No"
1103,60,6,"No"
234,60,6,"No"
2109,60,6,"No"
6912,60,6,"No"
5721,60,6,"No"
5300,60,6,"No"
1600,60,6,"No"
8537,60,6,"No"
7851,60,6,"No"
3434,60,6,"No"
11171,60,6,"No"
5967,60,6,"No"
9576,60,6,"No"
891,60,6,"No"
610,60,6,"No"
6292,60,6,"No"
8418,60,6,"No"
10701,60,6,"No"
164,59,6,"No"
8514,59,6,"No"
2392,59,6,"No"
8969,59,6,"No"
10236,59,6,"No"
1079,59,6,"No"
4518,59,6,"No"
1453,59,6,"No"
3830,59,6,"No"
7165,59,6,"No"
387,59,6,"No"
3673,59,6,"No"
1920,59,6,"No"
5186,59,6,"No"
1411,58,6,"No"
10446,58,6,"No"
4988,58,6,"No"
7192,58,6,"No"
5524,58,6,"No"
5181,58,6,"No"
5136,58,6,"No"
1050,58,6,"No"
5610,58,6,"No"
9081,58,6,"No"
9220,58,6,"No"
701,58,6,"No"
3526,58,6,"No"
6203,58,6,"No"
7734,58,6,"No"
9166,57,6,"No"
3537,57,6,"No"
13,57,6,"No"
8724,57,6,"No"
8557,57,6,"No"
2295,57,6,"No"
8932,57,6,"No"
1915,57,6,"No"
9799,57,6,"No"
7521,57,6,"No"
9365,57,6,"No"
9384,57,6,"No"
8726,57,6,"No"
5123,57,6,"No"
3283,57,6,"No"
4149,57,6,"No"
800,57,6,"No"
5147,57,6,"No"
4837,57,6,"No"
7055,57,6,"No"
241,57,6,"No"
9381,57,6,"No"
3560,57,6,"No"
448,57,6,"No"
2963,56,6,"No"
5012,56,6,"No"
4427,56,6,"No"
4119,56,6,"No"
1328,56,6,"No"
5177,56,6,"No"
4001,56,6,"No"
1630,56,6,"No"
4381,56,6,"No"
5529,56,6,"No"
8717,56,6,"No"
3445,56,6,"No"
3033,56,6,"No"
11110,56,6,"No"
4500,56,6,"No"
2075,56,6,"No"
737,56,6,"No"
7369,56,6,"No"
10319,56,6,"No"
7822,56,6,"No"
10156,56,6,"No"
4961,56,6,"No"
10634,56,6,"No"
332,56,6,"No"
9964,56,6,"No"
1139,56,6,"No"
3340,56,6,"No"
3428,56,6,"No"
2066,56,6,"No"
6866,56,6,"No"
7723,56,6,"No"
2683,56,6,"No"
8685,56,6,"No"
6918,56,6,"No"
5180,56,6,"No"
10420,56,6,"No"
10913,56,6,"No"
6260,55,6,"No"
10691,55,6,"No"
10738,55,6,"No"
8286,55,6,"No"
10448,55,6,"No"
1045,55,6,"No"
6336,55,6,"No"
9739,55,6,"No"
4012,55,6,"No"
531,55,6,"No"
2166,55,6,"No"
2315,55,6,"No"
1343,55,6,"No"
194,55,6,"No"
2781,55,6,"No"
10833,55,6,"No"
4749,55,6,"No"
6905,55,6,"No"
3623,55,6,"No"
1829,55,6,"No"
9589,54,6,"No"
202,54,6,"No"
2225,54,6,"No"
7108,54,6,"No"
4790,54,6,"No"
3749,54,6,"No"
3433,54,6,"No"
3308,54,6,"No"
10486,54,6,"No"
3900,54,6,"No"
1232,54,6,"No"
8985,54,6,"No"
8955,54,6,"No"
839,54,6,"No"
1131,54,6,"No"
5995,54,6,"No"
10033,54,6,"No"
6583,54,6,"No"
7842,54,6,"No"
5751,54,6,"No"
8584,54,6,"No"
8687,54,6,"No"
5081,54,6,"No"
1331,54,6,"No"
8008,54,6,"No"
2345,54,6,"No"
9958,54,6,"No"
3706,54,6,"No"
5154,54,6,"No"
1628,54,6,"No"
2798,54,6,"No"
7297,54,6,"No"
8800,53,6,"No"
4954,53,6,"No"
7788,53,6,"No"
3139,53,6,"No"
5048,53,6,"No"
4994,53,6,"No"
8720,53,6,"No"
3598,53,6,"No"
1907,53,6,"No"
945,53,6,"No"
8180,53,6,"No"
3276,53,6,"No"
6214,53,6,"No"
5827,53,6,"No"
9952,53,6,"No"
4188,53,6,"No"
2958,53,6,"No"
10478,53,6,"No"
6230,53,6,"No"
2968,53,6,"No"
2557,52,6,"No"
9733,52,6,"No"
7187,52,6,"No"
3850,52,6,"No"
2698,52,6,"No"
9960,52,6,"No"
2223,52,6,"No"
4764,52,6,"No"
8462,52,6,"No"
2980,52,6,"No"
1077,52,6,"No"
4107,52,6,"No"
5247,52,6,"No"
10972,52,6,"No"
7540,52,6,"No"
1399,52,6,"No"
5987,52,6,"No"
4769,52,6,"No"
10906,52,6,"No"
6119,52,6,"No"
6340,52,6,"No"
8786,52,6,"No"
6673,51,6,"No"
523,51,6,"No"
9467,51,6,"No"
5011,51,6,"No"
11039,51,6,"No"
1544,51,6,"No"
9592,51,6,"No"
6575,51,6,"No"
8957,51,6,"No"
78,51,6,"No"
6147,51,6,"No"
5290,51,6,"No"
3381,51,6,"No"
10556,51,6,"No"
6354,51,6,"No"
9308,51,6,"No"
1710,51,6,"No"
4550,51,6,"No"
544,51,6,"No"
8534,51,6,"No"
5989,51,6,"No"
8977,51,6,"No"
635,51,6,"No"
8140,51,6,"No"
5517,51,6,"No"
9736,51,6,"No"
2891,51,6,"No"
4128,51,6,"No"
7037,50,6,"No"
7300,50,6,"No"
10380,50,6,"No"
2245,50,6,"No"
5636,50,6,"No"
6374,50,6,"No"
8080,50,6,"No"
5552,50,6,"No"
6642,50,6,"No"
11096,50,6,"No"
4268,50,6,"No"
6200,50,6,"No"
4603,50,6,"No"
10882,50,6,"No"
8091,50,6,"No"
10708,50,6,"No"
10031,50,6,"No"
1176,50,6,"No"
8659,50,6,"No"
8692,50,6,"No"
8370,50,6,"No"
9904,50,6,"No"
10160,49,6,"No"
3007,49,6,"No"
810,49,6,"No"
679,49,6,"No"
10827,49,6,"No"
5868,49,6,"No"
8939,49,6,"No"
7019,49,6,"No"
9347,49,6,"No"
1321,49,6,"No"
9283,49,6,"No"
89,49,6,"No"
1406,49,6,"No"
4345,49,6,"No"
1640,49,6,"No"
7214,49,6,"No"
5294,49,6,"No"
9423,49,6,"No"
2591,49,6,"No"
10250,49,6,"No"
5513,49,6,"No"
8143,49,6,"No"
8876,49,6,"No"
5543,49,6,"No"
3479,49,6,"No"
3120,49,6,"No"
1272,49,6,"No"
2157,49,6,"No"
2686,49,6,"No"
1215,49,6,"No"
1000,48,6,"No"
6318,48,6,"No"
3099,48,6,"No"
2620,48,6,"No"
3852,48,6,"No"
309,48,6,"No"
3571,48,6,"No"
4184,48,6,"No"
286,48,6,"No"
4369,48,6,"No"
1160,48,6,"No"
7679,48,6,"No"
8395,48,6,"No"
7485,48,6,"No"
9729,48,6,"No"
8254,48,6,"No"
454,48,6,"No"
9214,48,6,"No"
851,48,6,"No"
7250,48,6,"No"
273,48,6,"No"
7530,48,6,"No"
10652,48,6,"No"
9665,48,6,"No"
5922,48,6,"No"
2478,48,6,"No"
7966,48,6,"No"
5396,48,6,"No"
2021,47,6,"No"
9671,47,6,"No"
6211,47,6,"No"
6616,47,6,"No"
843,47,6,"No"
8975,47,6,"No"
7007,47,6,"No"
524,47,6,"No"
880,47,6,"No"
7011,47,6,"No"
203,47,6,"No"
7059,47,6,"No"
5633,47,6,"No"
1225,47,6,"No"
10837,47,6,"No"
2937,47,6,"No"
3075,47,6,"No"
7428,47,6,"No"
6248,47,6,"No"
3665,46,6,"No"
8825,46,6,"No"
6173,46,6,"No"
10841,46,6,"No"
1184,46,6,"No"
4653,46,6,"No"
3969,46,6,"No"
6141,46,6,"No"
10092,46,6,"No"
821,46,6,"No"
5788,46,6,"No"
663,46,6,"No"
4669,46,6,"No"
6637,46,6,"No"
8299,46,6,"No"
2217,46,6,"No"
7875,46,6,"No"
2815,46,6,"No"
4102,46,6,"No"
9624,46,6,"No"
6295,46,6,"No"
10870,46,6,"No"
10888,46,6,"No"
7453,46,6,"No"
4580,46,6,"No"
10509,46,6,"No"
5077,46,6,"No"
2936,46,6,"No"
8945,46,6,"No"
7629,46,6,"No"
3933,46,6,"No"
1715,45,6,"No"
9235,45,6,"No"
1170,45,6,"No"
2181,45,6,"No"
10341,45,6,"No"
8812,45,6,"No"
7119,45,6,"No"
7397,45,6,"No"
3518,45,6,"No"
1245,45,6,"No"
10821,45,6,"No"
1204,45,6,"No"
2639,45,6,"No"
4690,45,6,"No"
6543,45,6,"No"
6201,45,6,"No"
2561,45,6,"No"
4947,44,6,"No"
9274,44,6,"No"
5596,44,6,"No"
9076,44,6,"No"
2694,44,6,"No"
6935,44,6,"No"
10613,44,6,"No"
3507,44,6,"No"
10176,44,6,"No"
4646,44,6,"No"
1044,44,6,"No"
10403,43,6,"No"
3783,43,6,"No"
11007,43,6,"No"
5299,43,6,"No"
9145,43,6,"No"
10381,43,6,"No"
1016,43,6,"No"
9738,43,6,"No"
10212,43,6,"No"
10727,43,6,"No"
5267,43,6,"No"
1717,43,6,"No"
7186,43,6,"No"
10069,43,6,"No"
4394,43,6,"No"
6872,43,6,"No"
1143,43,6,"No"
10010,43,6,"No"
5848,43,6,"No"
4329,43,6,"No"
5394,42,6,"No"
4756,42,6,"No"
10839,42,6,"No"
6958,42,6,"No"
521,42,6,"No"
8181,42,6,"No"
6320,42,6,"No"
10469,42,6,"No"
3661,42,6,"No"
5376,42,6,"No"
10856,42,6,"No"
433,42,6,"No"
3321,42,6,"No"
4324,42,6,"No"
1867,42,6,"No"
5303,42,6,"No"
1340,42,6,"No"
9829,42,6,"No"
4679,42,6,"No"
3602,42,6,"No"
9750,41,6,"No"
10581,41,6,"No"
3710,41,6,"No"
4084,41,6,"No"
9360,41,6,"No"
5207,41,6,"No"
6682,41,6,"No"
4055,41,6,"No"
3463,41,6,"No"
1927,41,6,"No"
8135,41,6,"No"
4767,41,6,"No"
437,41,6,"No"
4331,41,6,"No"
7010,41,6,"No"
6246,40,6,"No"
7943,40,6,"No"
8783,40,6,"No"
9121,40,6,"No"
1055,40,6,"No"
4643,40,6,"No"
10525,40,6,"No"
9405,40,6,"No"
10207,40,6,"No"
8147,40,6,"No"
7431,40,6,"No"
178,40,6,"No"
1458,40,6,"No"
2176,40,6,"No"
10790,40,6,"No"
10767,40,6,"No"
8402,40,6,"No"
4838,40,6,"No"
10219,40,6,"No"
7503,40,6,"No"
2308,40,6,"No"
4654,40,6,"No"
6103,40,6,"No"
1403,40,6,"No"
5802,40,6,"No"
5835,39,6,"No"
6197,39,6,"No"
10242,39,6,"No"
49,39,6,"No"
6566,39,6,"No"
7901,39,6,"No"
9094,39,6,"No"
10475,39,6,"No"
6613,39,6,"No"
4201,39,6,"No"
2471,39,6,"No"
8523,39,6,"No"
5092,39,6,"No"
6919,39,6,"No"
4973,39,6,"No"
6387,39,6,"No"
5866,39,6,"No"
9847,39,6,"No"
898,39,6,"No"
8722,38,6,"No"
10858,38,6,"No"
9336,38,6,"No"
6875,38,6,"No"
1109,38,6,"No"
905,38,6,"No"
9185,38,6,"No"
5036,38,6,"No"
1773,38,6,"No"
2156,38,6,"No"
326,38,6,"No"
6728,38,6,"No"
5370,38,6,"No"
2499,38,6,"No"
4856,38,6,"No"
10967,38,6,"No"
2174,38,6,"No"
9797,38,6,"No"
2098,38,6,"No"
2569,38,6,"No"
3197,38,6,"No"
10151,38,6,"No"
7079,38,6,"No"
8925,38,6,"No"
10473,38,6,"No"
11100,37,6,"No"
2055,37,6,"No"
7235,37,6,"No"
5107,37,6,"No"
8527,37,6,"No"
1734,37,6,"No"
1626,37,6,"No"
2131,37,6,"No"
10350,37,6,"No"
1968,37,6,"No"
6516,37,6,"No"
11075,37,6,"No"
6428,37,6,"No"
6658,37,6,"No"
11071,37,6,"No"
4552,37,6,"No"
5336,37,6,"No"
10377,37,6,"No"
10591,37,6,"No"
6439,37,6,"No"
7660,37,6,"No"
4339,37,6,"No"
9617,37,6,"No"
9862,37,6,"No"
1646,36,6,"No"
907,36,6,"No"
3859,36,6,"No"
1150,36,6,"No"
7736,36,6,"No"
3867,36,6,"No"
7718,36,6,"No"
9949,36,6,"No"
6885,36,6,"No"
9206,36,6,"No"
4611,36,6,"No"
8605,36,6,"No"
4530,36,6,"No"
10757,36,6,"No"
6181,36,6,"No"
3265,36,6,"No"
942,36,6,"No"
4418,36,6,"No"
5304,35,6,"No"
10129,35,6,"No"
5423,35,6,"No"
3334,35,6,"No"
807,35,6,"No"
35,35,6,"No"
8908,35,6,"No"
738,35,6,"No"
2570,35,6,"No"
4426,35,6,"No"
3834,35,6,"No"
10489,35,6,"No"
4791,35,6,"No"
2426,35,6,"No"
8041,35,6,"No"
590,35,6,"No"
3584,35,6,"No"
6864,34,6,"No"
7378,34,6,"No"
6263,34,6,"No"
1987,34,6,"No"
2493,34,6,"No"
2281,34,6,"No"
3924,34,6,"No"
7034,34,6,"No"
7631,34,6,"No"
7275,34,6,"No"
4472,34,6,"No"
8086,34,6,"No"
9216,34,6,"No"
8334,34,6,"No"
3759,34,6,"No"
5654,34,6,"No"
10617,34,6,"No"
965,34,6,"No"
2797,34,6,"No"
1859,34,6,"No"
9097,34,6,"No"
3934,34,6,"No"
2072,34,6,"No"
113,33,6,"No"
2154,33,6,"No"
7500,33,6,"No"
199,33,6,"No"
1448,33,6,"No"
2612,33,6,"No"
7725,33,6,"No"
359,33,6,"No"
8842,33,6,"No"
6050,33,6,"No"
6887,33,6,"No"
9204,33,6,"No"
2868,33,6,"No"
2724,33,6,"No"
2256,33,6,"No"
4216,33,6,"No"
1100,33,6,"No"
5025,32,6,"No"
3491,32,6,"No"
5832,32,6,"No"
75,32,6,"No"
4377,32,6,"No"
3037,32,6,"No"
9850,32,6,"No"
5117,32,6,"No"
569,32,6,"No"
7610,32,6,"No"
4698,32,6,"No"
9449,32,6,"No"
8104,32,6,"No"
4543,32,6,"No"
6497,32,6,"No"
948,32,6,"No"
6421,32,6,"No"
3517,32,6,"No"
3102,32,6,"No"
6177,32,6,"No"
5544,32,6,"No"
8650,31,6,"No"
5342,31,6,"No"
2379,31,6,"No"
7437,31,6,"No"
749,31,6,"No"
9396,31,6,"No"
3790,31,6,"No"
3107,31,6,"No"
933,31,6,"No"
477,31,6,"No"
2882,31,6,"No"
1008,31,6,"No"
255,31,6,"No"
7411,31,6,"No"
1503,31,6,"No"
5710,31,6,"No"
3262,31,6,"No"
607,31,6,"No"
8314,30,6,"No"
7873,30,6,"No"
3129,30,6,"No"
9967,30,6,"No"
2625,30,6,"No"
7516,30,6,"No"
6859,30,6,"No"
10602,30,6,"No"
6690,30,6,"No"
5289,30,6,"No"
2186,30,6,"No"
7832,30,6,"No"
1087,30,6,"No"
7699,30,6,"No"
5121,30,6,"No"
5424,30,6,"No"
6798,30,6,"No"
271,30,6,"No"
5236,30,6,"No"
10699,30,6,"No"
3220,30,6,"No"
6384,30,6,"No"
3762,30,6,"No"
10383,30,6,"No"
938,30,6,"No"
9478,30,6,"No"
5534,30,6,"No"
10548,30,6,"No"
347,30,6,"No"
7488,30,6,"No"
1676,30,6,"No"
4168,30,6,"No"
1277,29,6,"No"
153,29,6,"No"
4023,29,6,"No"
4137,29,6,"No"
5350,29,6,"No"
6312,29,6,"No"
10619,29,6,"No"
3595,29,6,"No"
10524,29,6,"No"
6357,29,6,"No"
9931,29,6,"No"
5735,29,6,"No"
4406,29,6,"No"
9495,29,6,"No"
5961,29,6,"No"
7828,29,6,"No"
6255,29,6,"No"
3578,29,6,"No"
1777,29,6,"No"
1518,29,6,"No"
10061,29,6,"No"
6679,29,6,"No"
4945,29,6,"No"
9316,29,6,"No"
2036,29,6,"No"
7922,29,6,"No"
2631,29,6,"No"
8614,29,6,"No"
615,29,6,"No"
6168,28,6,"No"
3551,28,6,"No"
3870,28,6,"No"
2826,28,6,"No"
6222,28,6,"No"
7798,28,6,"No"
6299,28,6,"No"
8230,28,6,"No"
4299,28,6,"No"
9973,28,6,"No"
4444,28,6,"No"
8746,28,6,"No"
4656,28,6,"No"
4686,28,6,"No"
10736,28,6,"No"
10971,28,6,"No"
498,28,6,"No"
626,28,6,"No"
6652,28,6,"No"
10163,28,6,"No"
4338,28,6,"No"
7352,28,6,"No"
10928,28,6,"No"
8486,27,6,"No"
8029,27,6,"No"
4436,27,6,"No"
9119,27,6,"No"
10981,27,6,"No"
10065,27,6,"No"
10343,27,6,"No"
1158,27,6,"No"
10390,27,6,"No"
762,27,6,"No"
5955,27,6,"No"
10140,27,6,"No"
3267,27,6,"No"
10573,27,6,"No"
4207,27,6,"No"
10277,27,6,"No"
4376,27,6,"No"
2286,27,6,"No"
3091,27,6,"No"
486,27,6,"No"
8420,27,6,"No"
709,27,6,"No"
2929,27,6,"No"
6694,27,6,"No"
2574,27,6,"No"
6281,27,6,"No"
1029,27,6,"No"
6182,26,6,"No"
1012,26,6,"No"
10432,26,6,"No"
10196,26,6,"No"
1542,26,6,"No"
1506,26,6,"No"
7532,26,6,"No"
5564,26,6,"No"
6347,26,6,"No"
1361,26,6,"No"
9422,26,6,"No"
4141,26,6,"No"
6818,26,6,"No"
1940,26,6,"No"
8346,26,6,"No"
5453,26,6,"No"
1081,26,6,"No"
7807,26,6,"No"
6961,26,6,"No"
7458,26,6,"No"
4220,26,6,"No"
10395,25,6,"No"
1351,25,6,"No"
2829,25,6,"No"
5684,25,6,"No"
9291,25,6,"No"
8594,25,6,"No"
2945,25,6,"No"
5909,25,6,"No"
1523,25,6,"No"
8492,25,6,"No"
1456,25,6,"No"
5527,25,6,"No"
8754,25,6,"No"
7627,25,6,"No"
4310,25,6,"No"
1839,25,6,"No"
10629,25,6,"No"
5628,25,6,"No"
9855,25,6,"No"
2849,25,6,"No"
9984,25,6,"No"
1592,25,6,"No"
975,25,6,"No"
6950,25,6,"No"
9972,25,6,"No"
6215,24,6,"No"
2807,24,6,"No"
793,24,6,"No"
6504,24,6,"No"
1378,24,6,"No"
3153,24,6,"No"
4286,24,6,"No"
9760,24,6,"No"
1377,24,6,"No"
2535,24,6,"No"
5907,24,6,"No"
4944,24,6,"No"
4096,24,6,"No"
8832,24,6,"No"
4607,24,6,"No"
7505,24,6,"No"
968,24,6,"No"
1175,24,6,"No"
5991,24,6,"No"
6983,24,6,"No"
7101,24,6,"No"
2495,24,6,"No"
7224,24,6,"No"
1052,24,6,"No"
5329,24,6,"No"
3436,24,6,"No"
9909,24,6,"No"
9483,24,6,"No"
2428,23,6,"No"
1726,23,6,"No"
6646,23,6,"No"
2782,23,6,"No"
8268,23,6,"No"
6892,23,6,"No"
11112,23,6,"No"
11004,23,6,"No"
4261,23,6,"No"
7861,23,6,"No"
2457,23,6,"No"
10711,23,6,"No"
4248,23,6,"No"
3011,23,6,"No"
5872,23,6,"No"
1818,23,6,"No"
9485,23,6,"No"
11187,23,6,"No"
5758,23,6,"No"
10643,23,6,"No"
1802,23,6,"No"
7451,23,6,"No"
2173,23,6,"No"
10560,23,6,"No"
2114,23,6,"No"
9432,23,6,"No"
5232,23,6,"No"
1162,23,6,"No"
8773,22,6,"No"
1740,22,6,"No"
4088,22,6,"No"
10430,22,6,"No"
8341,22,6,"No"
4971,22,6,"No"
10766,22,6,"No"
7786,22,6,"No"
6466,22,6,"No"
8737,22,6,"No"
10846,22,6,"No"
9971,22,6,"No"
2371,22,6,"No"
2811,21,6,"No"
8369,21,6,"No"
2666,21,6,"No"
10099,21,6,"No"
1685,21,6,"No"
8643,21,6,"No"
10562,21,6,"No"
2877,21,6,"No"
7881,21,6,"No"
5209,21,6,"No"
10128,21,6,"No"
6233,21,6,"No"
9284,21,6,"No"
6721,21,6,"No"
10127,21,6,"No"
9150,21,6,"No"
195,21,6,"No"
5204,21,6,"No"
1501,21,6,"No"
5493,21,6,"No"
2587,21,6,"No"
4702,20,6,"No"
9648,20,6,"No"
7444,20,6,"No"
5320,20,6,"No"
9955,20,6,"No"
4322,20,6,"No"
9260,20,6,"No"
4939,20,6,"No"
2408,20,6,"No"
3955,20,6,"No"
2942,20,6,"No"
6422,20,6,"No"
3697,20,6,"No"
8652,20,6,"No"
7196,20,6,"No"
3690,20,6,"No"
3667,20,6,"No"
1381,20,6,"No"
2874,20,6,"No"
5313,20,6,"No"
10951,20,6,"No"
4855,19,6,"No"
4415,19,6,"No"
5049,19,6,"No"
5512,19,6,"No"
3645,19,6,"No"
4692,19,6,"No"
2162,19,6,"No"
6355,19,6,"No"
3619,19,6,"No"
3967,19,6,"No"
4967,19,6,"No"
10102,19,6,"No"
9215,19,6,"No"
9369,19,6,"No"
6931,19,6,"No"
9242,19,6,"No"
8416,19,6,"No"
3711,19,6,"No"
2727,19,6,"No"
5255,19,6,"No"
9596,19,6,"No"
7959,19,6,"No"
3525,19,6,"No"
2139,19,6,"No"
10595,19,6,"No"
1064,18,6,"No"
4608,18,6,"No"
6521,18,6,"No"
8207,18,6,"No"
1581,18,6,"No"
535,18,6,"No"
10991,18,6,"No"
9560,18,6,"No"
7414,18,6,"No"
11056,18,6,"No"
7384,18,6,"No"
8962,18,6,"No"
6409,18,6,"No"
10552,18,6,"No"
3076,18,6,"No"
7000,18,6,"No"
4712,18,6,"No"
9507,18,6,"No"
11086,18,6,"No"
3478,17,6,"No"
10785,17,6,"No"
9212,17,6,"No"
5718,17,6,"No"
7999,17,6,"No"
3629,17,6,"No"
9392,17,6,"No"
4673,17,6,"No"
4741,17,6,"No"
6471,17,6,"No"
1092,17,6,"No"
10146,17,6,"No"
11101,17,6,"No"
7848,17,6,"No"
3769,17,6,"No"
796,17,6,"No"
618,17,6,"No"
10983,17,6,"No"
380,17,6,"No"
1880,17,6,"No"
10133,16,6,"No"
8443,16,6,"No"
10796,16,6,"No"
10779,16,6,"No"
9530,16,6,"No"
2613,16,6,"No"
6072,16,6,"No"
7446,16,6,"No"
87,16,6,"No"
10477,16,6,"No"
9653,16,6,"No"
6507,16,6,"No"
10241,16,6,"No"
3388,16,6,"No"
9289,16,6,"No"
8933,16,6,"No"
1459,16,6,"No"
247,16,6,"No"
2518,16,6,"No"
9463,16,6,"No"
9725,16,6,"No"
5782,15,6,"No"
8524,15,6,"No"
7533,15,6,"No"
9493,15,6,"No"
7393,15,6,"No"
2253,15,6,"No"
5093,15,6,"No"
7141,15,6,"No"
10609,15,6,"No"
1876,15,6,"No"
4713,15,6,"No"
5726,15,6,"No"
2326,15,6,"No"
5231,15,6,"No"
3766,15,6,"No"
1307,15,6,"No"
5029,14,6,"No"
7042,14,6,"No"
10795,14,6,"No"
6878,14,6,"No"
5031,14,6,"No"
6982,14,6,"No"
4390,14,6,"No"
9668,14,6,"No"
7143,14,6,"No"
1729,14,6,"No"
9362,14,6,"No"
4099,14,6,"No"
10507,14,6,"No"
4609,14,6,"No"
1577,14,6,"No"
1970,14,6,"No"
5929,14,6,"No"
3865,14,6,"No"
10664,14,6,"No"
9727,13,6,"No"
8779,13,6,"No"
6271,13,6,"No"
4459,13,6,"No"
10642,13,6,"No"
8234,13,6,"No"
3678,13,6,"No"
4931,13,6,"No"
7600,13,6,"No"
1650,13,6,"No"
291,13,6,"No"
3050,13,6,"No"
6431,13,6,"No"
10681,13,6,"No"
3698,13,6,"No"
6205,13,6,"No"
5156,13,6,"No"
5302,13,6,"No"
9635,13,6,"No"
6406,13,6,"No"
9701,13,6,"No"
10789,13,6,"No"
7002,13,6,"No"
6116,13,6,"No"
8164,13,6,"No"
9213,13,6,"No"
5626,13,6,"No"
9780,12,6,"No"
7573,12,6,"No"
10401,12,6,"No"
4828,12,6,"No"
9303,12,6,"No"
9790,12,6,"No"
1446,12,6,"No"
2324,12,6,"No"
4992,12,6,"No"
7366,12,6,"No"
6853,12,6,"No"
1379,12,6,"No"
7793,12,6,"No"
11176,12,6,"No"
92,12,6,"No"
3312,12,6,"No"
5080,12,6,"No"
3547,12,6,"No"
8707,12,6,"No"
7849,12,6,"No"
1891,12,6,"No"
4808,12,6,"No"
8923,12,6,"No"
9699,12,6,"No"
4186,11,6,"No"
1048,11,6,"No"
252,11,6,"No"
1183,11,6,"No"
9860,11,6,"No"
10490,11,6,"No"
3427,11,6,"No"
1994,11,6,"No"
1419,11,6,"No"
2715,11,6,"No"
5067,11,6,"No"
9262,11,6,"No"
10281,11,6,"No"
4557,11,6,"No"
979,11,6,"No"
6606,11,6,"No"
11191,11,6,"No"
3403,11,6,"No"
967,11,6,"No"
8911,11,6,"No"
5892,11,6,"No"
2677,11,6,"No"
6720,11,6,"No"
7494,11,6,"No"
2552,11,6,"No"
1388,11,6,"No"
10240,10,6,"No"
3885,10,6,"No"
8036,10,6,"No"
4301,10,6,"No"
7381,10,6,"No"
2521,10,6,"No"
6404,10,6,"No"
1384,10,6,"No"
2793,10,6,"No"
11003,10,6,"No"
2407,10,6,"No"
9597,10,6,"No"
977,10,6,"No"
10150,10,6,"No"
8026,10,6,"No"
8702,10,6,"No"
9064,10,6,"No"
2632,10,6,"No"
5429,10,6,"No"
1071,10,6,"No"
577,10,6,"No"
5074,10,6,"No"
2634,10,6,"No"
8566,10,6,"No"
8159,10,6,"No"
7628,10,6,"No"
1515,9,6,"No"
2387,9,6,"No"
1463,9,6,"No"
6019,9,6,"No"
3277,9,6,"No"
10855,9,6,"No"
263,9,6,"No"
10909,9,6,"No"
6424,9,6,"No"
8233,9,6,"No"
11025,9,6,"No"
10084,9,6,"No"
8897,9,6,"No"
3524,9,6,"No"
8362,9,6,"No"
4619,9,6,"No"
10232,9,6,"No"
3376,9,6,"No"
10095,9,6,"No"
940,9,6,"No"
5547,9,6,"No"
1618,9,6,"No"
25,9,6,"No"
466,9,6,"No"
9986,8,6,"No"
7261,8,6,"No"
10995,8,6,"No"
3009,8,6,"No"
9930,8,6,"No"
1570,8,6,"No"
8235,8,6,"No"
5682,8,6,"No"
760,8,6,"No"
10949,8,6,"No"
232,8,6,"No"
7408,8,6,"No"
9723,8,6,"No"
6518,8,6,"No"
7284,8,6,"No"
7373,8,6,"No"
2452,8,6,"No"
1497,8,6,"No"
10669,8,6,"No"
10270,8,6,"No"
5331,8,6,"No"
4290,8,6,"No"
9529,8,6,"No"
5621,8,6,"No"
5519,8,6,"No"
7349,7,6,"No"
2930,7,6,"No"
2546,7,6,"No"
10905,7,6,"No"
7872,7,6,"No"
8318,7,6,"No"
3005,7,6,"No"
1212,7,6,"No"
2541,7,6,"No"
8216,7,6,"No"
10659,7,6,"No"
8910,7,6,"No"
2814,6,6,"No"
8799,6,6,"No"
4320,6,6,"No"
1911,6,6,"No"
944,6,6,"No"
10814,6,6,"No"
2711,6,6,"No"
8545,6,6,"No"
7342,6,6,"No"
67,6,6,"No"
3498,6,6,"No"
10862,6,6,"No"
10673,6,6,"No"
6184,6,6,"No"
6343,6,6,"No"
2870,6,6,"No"
9923,6,6,"No"
4198,6,6,"No"
8151,6,6,"No"
10451,6,6,"No"
8275,6,6,"No"
9323,5,6,"No"
6678,5,6,"No"
1407,5,6,"No"
624,5,6,"No"
830,5,6,"No"
2261,5,6,"No"
6770,5,6,"No"
10641,5,6,"No"
10089,5,6,"No"
10356,5,6,"No"
6365,5,6,"No"
1146,5,6,"No"
1031,5,6,"No"
4211,5,6,"No"
9256,5,6,"No"
850,4,6,"No"
8996,4,6,"No"
9504,4,6,"No"
2534,4,6,"No"
7233,4,6,"No"
1349,4,6,"No"
8430,4,6,"No"
4477,4,6,"No"
10177,4,6,"No"
3799,4,6,"No"
1945,4,6,"No"
8920,4,6,"No"
6815,4,6,"No"
254,4,6,"No"
5172,4,6,"No"
2130,4,6,"No"
11084,4,6,"No"
2296,4,6,"No"
8755,4,6,"No"
2404,4,6,"No"
10832,4,6,"No"
7685,4,6,"No"
3025,4,6,"No"
8581,4,6,"No"
8619,4,6,"No"
2429,4,6,"No"
6310,4,6,"No"
6379,3,6,"No"
1041,3,6,"No"
4785,3,6,"No"
158,3,6,"No"
492,3,6,"No"
6183,3,6,"No"
8278,3,6,"No"
9888,3,6,"No"
873,3,6,"No"
6715,3,6,"No"
8461,3,6,"No"
4491,3,6,"No"
11133,3,6,"No"
4399,3,6,"No"
3878,3,6,"No"
9612,3,6,"No"
4002,3,6,"No"
4452,3,6,"No"
9970,3,6,"No"
1631,3,6,"No"
10676,3,6,"No"
4827,3,6,"No"
7279,3,6,"No"
10582,3,6,"No"
10914,3,6,"No"
4098,3,6,"No"
4470,3,6,"No"
8601,3,6,"No"
3896,3,6,"No"
4405,2,6,"No"
6287,2,6,"No"
7264,2,6,"No"
9080,2,6,"No"
4877,2,6,"No"
4114,2,6,"No"
4246,2,6,"No"
10286,2,6,"No"
5332,2,6,"No"
7022,2,6,"No"
1857,2,6,"No"
3066,2,6,"No"
1992,2,6,"No"
5510,2,6,"No"
1519,2,6,"No"
9999,2,6,"No"
1772,2,6,"No"
10352,2,6,"No"
7990,2,6,"No"
1619,2,6,"No"
6398,2,6,"No"
5341,2,6,"No"
3887,2,6,"No"
7919,2,6,"No"
4865,2,6,"No"
4867,2,6,"No"
10623,2,6,"No"
3112,2,6,"No"
5794,1,6,"No"
1402,1,6,"No"
2681,1,6,"No"
3767,1,6,"No"
8805,1,6,"No"
3725,1,6,"No"
340,1,6,"No"
7030,1,6,"No"
9595,1,6,"No"
3657,1,6,"No"
1524,1,6,"No"
3158,1,6,"No"
8890,1,6,"No"
453,1,6,"No"
7962,1,6,"No"
9687,1,6,"No"
5585,1,6,"No"
10141,1,6,"No"
5824,1,6,"No"
9264,1,6,"No"
3068,1,6,"No"
5114,1,6,"No"
1241,1,6,"No"
5740,1,6,"No"
2795,0,6,"No"
2079,0,6,"No"
5985,0,6,"No"
10470,0,6,"No"
4065,0,6,"No"
4073,0,6,"No"
2285,0,6,"No"
5430,0,6,"No"
10521,0,6,"No"
1386,0,6,"No"
4047,0,6,"No"
10530,0,6,"No"
10968,0,6,"No"
2964,0,6,"No"
5642,0,6,"No"
10311,0,6,"No"
10476,0,6,"No"
9477,0,6,"No"
1826,0,6,"No"
1,0,6,"No"
10175,0,6,"No"
8432,0,6,"No"
837,0,6,"No"
5371,0,6,"No"
7348,0,6,"No"
1991,0,6,"No"
115,0,6,"No"
1473,0,6,"No"
